ISO-10303-21;
HEADER;
FILE_DESCRIPTION(('FreeCAD Model'),'2;1');
FILE_NAME('Open CASCADE Shape Model','2026-06-23T19:45:14',(''),(''),
  'Open CASCADE STEP processor 7.8','FreeCAD','Unknown');
FILE_SCHEMA(('AUTOMOTIVE_DESIGN { 1 0 10303 214 1 1 1 1 }'));
ENDSEC;
DATA;
#1 = APPLICATION_PROTOCOL_DEFINITION('international standard',
  'automotive_design',2000,#2);
#2 = APPLICATION_CONTEXT(
  'core data for automotive mechanical design processes');
#3 = SHAPE_DEFINITION_REPRESENTATION(#4,#10);
#4 = PRODUCT_DEFINITION_SHAPE('','',#5);
#5 = PRODUCT_DEFINITION('design','',#6,#9);
#6 = PRODUCT_DEFINITION_FORMATION('','',#7);
#7 = PRODUCT('Lichaam','Lichaam','',(#8));
#8 = PRODUCT_CONTEXT('',#2,'mechanical');
#9 = PRODUCT_DEFINITION_CONTEXT('part definition',#2,'design');
#10 = ADVANCED_BREP_SHAPE_REPRESENTATION('',(#11,#15),#3170);
#11 = AXIS2_PLACEMENT_3D('',#12,#13,#14);
#12 = CARTESIAN_POINT('',(0.,0.,0.));
#13 = DIRECTION('',(0.,0.,1.));
#14 = DIRECTION('',(1.,0.,-0.));
#15 = MANIFOLD_SOLID_BREP('',#16);
#16 = CLOSED_SHELL('',(#17,#91,#138,#163,#203,#227,#715,#740,#780,#820,
    #853,#888,#913,#930,#956,#981,#1028,#1100,#1158,#1182,#1206,#1230,
    #1254,#1278,#1302,#1326,#1350,#1374,#1398,#1422,#1446,#1470,#1494,
    #1518,#1542,#1566,#1590,#1614,#1638,#1662,#1686,#1710,#1734,#1758,
    #1782,#1806,#1830,#1854,#1878,#1902,#1926,#1950,#1974,#1998,#2022,
    #2046,#2070,#2094,#2118,#2142,#2166,#2190,#2214,#2238,#2262,#2286,
    #2310,#2334,#2358,#2382,#2406,#2423,#2479,#2528,#2545,#2625,#2650,
    #2675,#2692,#2709,#2726,#2750,#2774,#2791,#2822,#2869,#2893,#2955,
    #2977,#2994,#3011,#3023,#3040,#3064,#3086,#3099,#3116,#3133,#3145,
    #3157));
#17 = ADVANCED_FACE('',(#18),#86,.F.);
#18 = FACE_BOUND('',#19,.F.);
#19 = EDGE_LOOP('',(#20,#30,#38,#46,#54,#62,#71,#79));
#20 = ORIENTED_EDGE('',*,*,#21,.T.);
#21 = EDGE_CURVE('',#22,#24,#26,.T.);
#22 = VERTEX_POINT('',#23);
#23 = CARTESIAN_POINT('',(-9.5,-41.00299835205,0.4));
#24 = VERTEX_POINT('',#25);
#25 = CARTESIAN_POINT('',(-9.5,-41.00299835205,-2.));
#26 = LINE('',#27,#28);
#27 = CARTESIAN_POINT('',(-9.5,-41.00299835205,0.9));
#28 = VECTOR('',#29,1.);
#29 = DIRECTION('',(0.,0.,-1.));
#30 = ORIENTED_EDGE('',*,*,#31,.F.);
#31 = EDGE_CURVE('',#32,#24,#34,.T.);
#32 = VERTEX_POINT('',#33);
#33 = CARTESIAN_POINT('',(-20.,-41.00299835205,-2.));
#34 = LINE('',#35,#36);
#35 = CARTESIAN_POINT('',(-20.,-41.00299835205,-2.));
#36 = VECTOR('',#37,1.);
#37 = DIRECTION('',(1.,0.,0.));
#38 = ORIENTED_EDGE('',*,*,#39,.F.);
#39 = EDGE_CURVE('',#40,#32,#42,.T.);
#40 = VERTEX_POINT('',#41);
#41 = CARTESIAN_POINT('',(-20.,-41.00299835205,5.));
#42 = LINE('',#43,#44);
#43 = CARTESIAN_POINT('',(-20.,-41.00299835205,5.));
#44 = VECTOR('',#45,1.);
#45 = DIRECTION('',(0.,0.,-1.));
#46 = ORIENTED_EDGE('',*,*,#47,.F.);
#47 = EDGE_CURVE('',#48,#40,#50,.T.);
#48 = VERTEX_POINT('',#49);
#49 = CARTESIAN_POINT('',(5.7,-41.00299835205,5.));
#50 = LINE('',#51,#52);
#51 = CARTESIAN_POINT('',(5.7,-41.00299835205,5.));
#52 = VECTOR('',#53,1.);
#53 = DIRECTION('',(-1.,0.,0.));
#54 = ORIENTED_EDGE('',*,*,#55,.T.);
#55 = EDGE_CURVE('',#48,#56,#58,.T.);
#56 = VERTEX_POINT('',#57);
#57 = CARTESIAN_POINT('',(5.7,-41.00299835205,0.4));
#58 = LINE('',#59,#60);
#59 = CARTESIAN_POINT('',(5.7,-41.00299835205,0.487987012987));
#60 = VECTOR('',#61,1.);
#61 = DIRECTION('',(-0.,-0.,-1.));
#62 = ORIENTED_EDGE('',*,*,#63,.T.);
#63 = EDGE_CURVE('',#56,#64,#66,.T.);
#64 = VERTEX_POINT('',#65);
#65 = CARTESIAN_POINT('',(5.2,-41.00299835205,0.9));
#66 = CIRCLE('',#67,0.5);
#67 = AXIS2_PLACEMENT_3D('',#68,#69,#70);
#68 = CARTESIAN_POINT('',(5.2,-41.00299835205,0.4));
#69 = DIRECTION('',(0.,-1.,2.2E-16));
#70 = DIRECTION('',(0.,-2.2E-16,-1.));
#71 = ORIENTED_EDGE('',*,*,#72,.T.);
#72 = EDGE_CURVE('',#64,#73,#75,.T.);
#73 = VERTEX_POINT('',#74);
#74 = CARTESIAN_POINT('',(-9.,-41.00299835205,0.9));
#75 = LINE('',#76,#77);
#76 = CARTESIAN_POINT('',(5.7,-41.00299835205,0.9));
#77 = VECTOR('',#78,1.);
#78 = DIRECTION('',(-1.,0.,0.));
#79 = ORIENTED_EDGE('',*,*,#80,.F.);
#80 = EDGE_CURVE('',#22,#73,#81,.T.);
#81 = CIRCLE('',#82,0.5);
#82 = AXIS2_PLACEMENT_3D('',#83,#84,#85);
#83 = CARTESIAN_POINT('',(-9.,-41.00299835205,0.4));
#84 = DIRECTION('',(0.,1.,-2.2E-16));
#85 = DIRECTION('',(0.,-2.2E-16,-1.));
#86 = PLANE('',#87);
#87 = AXIS2_PLACEMENT_3D('',#88,#89,#90);
#88 = CARTESIAN_POINT('',(-7.15,-41.00299835205,1.5));
#89 = DIRECTION('',(0.,1.,0.));
#90 = DIRECTION('',(0.,0.,1.));
#91 = ADVANCED_FACE('',(#92),#133,.F.);
#92 = FACE_BOUND('',#93,.F.);
#93 = EDGE_LOOP('',(#94,#95,#103,#111,#119,#127));
#94 = ORIENTED_EDGE('',*,*,#21,.F.);
#95 = ORIENTED_EDGE('',*,*,#96,.T.);
#96 = EDGE_CURVE('',#22,#97,#99,.T.);
#97 = VERTEX_POINT('',#98);
#98 = CARTESIAN_POINT('',(-9.5,-52.50299835205,0.4));
#99 = LINE('',#100,#101);
#100 = CARTESIAN_POINT('',(-9.5,-41.00299835205,0.4));
#101 = VECTOR('',#102,1.);
#102 = DIRECTION('',(0.,-1.,2.2E-16));
#103 = ORIENTED_EDGE('',*,*,#104,.T.);
#104 = EDGE_CURVE('',#97,#105,#107,.T.);
#105 = VERTEX_POINT('',#106);
#106 = CARTESIAN_POINT('',(-9.5,-52.50299835205,-3.6));
#107 = LINE('',#108,#109);
#108 = CARTESIAN_POINT('',(-9.5,-52.50299835205,0.9));
#109 = VECTOR('',#110,1.);
#110 = DIRECTION('',(0.,-2.2E-16,-1.));
#111 = ORIENTED_EDGE('',*,*,#112,.F.);
#112 = EDGE_CURVE('',#113,#105,#115,.T.);
#113 = VERTEX_POINT('',#114);
#114 = CARTESIAN_POINT('',(-9.5,-42.50299835205,-3.6));
#115 = LINE('',#116,#117);
#116 = CARTESIAN_POINT('',(-9.5,-42.50299835205,-3.6));
#117 = VECTOR('',#118,1.);
#118 = DIRECTION('',(0.,-1.,2.2E-16));
#119 = ORIENTED_EDGE('',*,*,#120,.F.);
#120 = EDGE_CURVE('',#121,#113,#123,.T.);
#121 = VERTEX_POINT('',#122);
#122 = CARTESIAN_POINT('',(-9.5,-42.50299835205,-2.));
#123 = LINE('',#124,#125);
#124 = CARTESIAN_POINT('',(-9.5,-42.50299835205,-3.05));
#125 = VECTOR('',#126,1.);
#126 = DIRECTION('',(0.,2.2E-16,-1.));
#127 = ORIENTED_EDGE('',*,*,#128,.F.);
#128 = EDGE_CURVE('',#24,#121,#129,.T.);
#129 = LINE('',#130,#131);
#130 = CARTESIAN_POINT('',(-9.5,-41.75299835205,-2.));
#131 = VECTOR('',#132,1.);
#132 = DIRECTION('',(0.,-1.,-2.2E-16));
#133 = PLANE('',#134);
#134 = AXIS2_PLACEMENT_3D('',#135,#136,#137);
#135 = CARTESIAN_POINT('',(-9.5,-41.00299835205,0.9));
#136 = DIRECTION('',(1.,0.,0.));
#137 = DIRECTION('',(0.,-2.2E-16,-1.));
#138 = ADVANCED_FACE('',(#139),#158,.T.);
#139 = FACE_BOUND('',#140,.F.);
#140 = EDGE_LOOP('',(#141,#142,#150,#157));
#141 = ORIENTED_EDGE('',*,*,#80,.T.);
#142 = ORIENTED_EDGE('',*,*,#143,.T.);
#143 = EDGE_CURVE('',#73,#144,#146,.T.);
#144 = VERTEX_POINT('',#145);
#145 = CARTESIAN_POINT('',(-9.,-52.50299835205,0.9));
#146 = LINE('',#147,#148);
#147 = CARTESIAN_POINT('',(-9.,-41.00299835205,0.9));
#148 = VECTOR('',#149,1.);
#149 = DIRECTION('',(0.,-1.,2.2E-16));
#150 = ORIENTED_EDGE('',*,*,#151,.T.);
#151 = EDGE_CURVE('',#144,#97,#152,.T.);
#152 = CIRCLE('',#153,0.5);
#153 = AXIS2_PLACEMENT_3D('',#154,#155,#156);
#154 = CARTESIAN_POINT('',(-9.,-52.50299835205,0.4));
#155 = DIRECTION('',(0.,-1.,2.2E-16));
#156 = DIRECTION('',(-1.,0.,0.));
#157 = ORIENTED_EDGE('',*,*,#96,.F.);
#158 = CYLINDRICAL_SURFACE('',#159,0.5);
#159 = AXIS2_PLACEMENT_3D('',#160,#161,#162);
#160 = CARTESIAN_POINT('',(-9.,-41.00299835205,0.4));
#161 = DIRECTION('',(0.,-1.,2.2E-16));
#162 = DIRECTION('',(-1.,0.,0.));
#163 = ADVANCED_FACE('',(#164),#198,.T.);
#164 = FACE_BOUND('',#165,.T.);
#165 = EDGE_LOOP('',(#166,#174,#182,#190,#196,#197));
#166 = ORIENTED_EDGE('',*,*,#167,.F.);
#167 = EDGE_CURVE('',#168,#32,#170,.T.);
#168 = VERTEX_POINT('',#169);
#169 = CARTESIAN_POINT('',(-20.,-39.00299835205,-2.));
#170 = LINE('',#171,#172);
#171 = CARTESIAN_POINT('',(-20.,-39.00299835205,-2.));
#172 = VECTOR('',#173,1.);
#173 = DIRECTION('',(0.,-1.,2.2E-16));
#174 = ORIENTED_EDGE('',*,*,#175,.T.);
#175 = EDGE_CURVE('',#168,#176,#178,.T.);
#176 = VERTEX_POINT('',#177);
#177 = CARTESIAN_POINT('',(5.7,-39.00299835205,-2.));
#178 = LINE('',#179,#180);
#179 = CARTESIAN_POINT('',(-20.,-39.00299835205,-2.));
#180 = VECTOR('',#181,1.);
#181 = DIRECTION('',(1.,0.,0.));
#182 = ORIENTED_EDGE('',*,*,#183,.T.);
#183 = EDGE_CURVE('',#176,#184,#186,.T.);
#184 = VERTEX_POINT('',#185);
#185 = CARTESIAN_POINT('',(5.7,-42.50299835205,-2.));
#186 = LINE('',#187,#188);
#187 = CARTESIAN_POINT('',(5.7,-43.76598536503,-2.));
#188 = VECTOR('',#189,1.);
#189 = DIRECTION('',(0.,-1.,-2.2E-16));
#190 = ORIENTED_EDGE('',*,*,#191,.F.);
#191 = EDGE_CURVE('',#121,#184,#192,.T.);
#192 = LINE('',#193,#194);
#193 = CARTESIAN_POINT('',(-20.,-42.50299835205,-2.));
#194 = VECTOR('',#195,1.);
#195 = DIRECTION('',(1.,-1.1E-16,1.1E-16));
#196 = ORIENTED_EDGE('',*,*,#128,.F.);
#197 = ORIENTED_EDGE('',*,*,#31,.F.);
#198 = PLANE('',#199);
#199 = AXIS2_PLACEMENT_3D('',#200,#201,#202);
#200 = CARTESIAN_POINT('',(-6.880308219178,-40.48330657122,-2.));
#201 = DIRECTION('',(0.,1.16E-15,-1.));
#202 = DIRECTION('',(0.,-1.,-1.16E-15));
#203 = ADVANCED_FACE('',(#204),#222,.F.);
#204 = FACE_BOUND('',#205,.F.);
#205 = EDGE_LOOP('',(#206,#207,#215,#221));
#206 = ORIENTED_EDGE('',*,*,#72,.F.);
#207 = ORIENTED_EDGE('',*,*,#208,.T.);
#208 = EDGE_CURVE('',#64,#209,#211,.T.);
#209 = VERTEX_POINT('',#210);
#210 = CARTESIAN_POINT('',(5.2,-52.50299835205,0.9));
#211 = LINE('',#212,#213);
#212 = CARTESIAN_POINT('',(5.2,-41.00299835205,0.9));
#213 = VECTOR('',#214,1.);
#214 = DIRECTION('',(0.,-1.,2.2E-16));
#215 = ORIENTED_EDGE('',*,*,#216,.T.);
#216 = EDGE_CURVE('',#209,#144,#217,.T.);
#217 = LINE('',#218,#219);
#218 = CARTESIAN_POINT('',(5.7,-52.50299835205,0.9));
#219 = VECTOR('',#220,1.);
#220 = DIRECTION('',(-1.,0.,0.));
#221 = ORIENTED_EDGE('',*,*,#143,.F.);
#222 = PLANE('',#223);
#223 = AXIS2_PLACEMENT_3D('',#224,#225,#226);
#224 = CARTESIAN_POINT('',(5.7,-41.00299835205,0.9));
#225 = DIRECTION('',(-0.,-2.2E-16,-1.));
#226 = DIRECTION('',(-1.,0.,0.));
#227 = ADVANCED_FACE('',(#228),#710,.T.);
#228 = FACE_BOUND('',#229,.T.);
#229 = EDGE_LOOP('',(#230,#240,#248,#256,#262,#263,#264,#272,#280,#288,
    #296,#304,#312,#320,#328,#336,#344,#352,#360,#368,#376,#384,#392,
    #400,#408,#416,#424,#432,#440,#448,#456,#464,#472,#480,#488,#496,
    #504,#512,#520,#528,#536,#544,#552,#560,#568,#576,#584,#592,#600,
    #608,#616,#624,#632,#640,#648,#656,#664,#672,#680,#688,#696,#704));
#230 = ORIENTED_EDGE('',*,*,#231,.F.);
#231 = EDGE_CURVE('',#232,#234,#236,.T.);
#232 = VERTEX_POINT('',#233);
#233 = CARTESIAN_POINT('',(-20.,-31.00300025939,5.007999897003));
#234 = VERTEX_POINT('',#235);
#235 = CARTESIAN_POINT('',(-20.,-26.,5.007999897003));
#236 = LINE('',#237,#238);
#237 = CARTESIAN_POINT('',(-20.,-30.00300025939,5.007999897003));
#238 = VECTOR('',#239,1.);
#239 = DIRECTION('',(0.,1.,0.));
#240 = ORIENTED_EDGE('',*,*,#241,.F.);
#241 = EDGE_CURVE('',#242,#232,#244,.T.);
#242 = VERTEX_POINT('',#243);
#243 = CARTESIAN_POINT('',(-20.,-31.00300025939,0.));
#244 = LINE('',#245,#246);
#245 = CARTESIAN_POINT('',(-20.,-31.00300025939,0.));
#246 = VECTOR('',#247,1.);
#247 = DIRECTION('',(0.,0.,1.));
#248 = ORIENTED_EDGE('',*,*,#249,.T.);
#249 = EDGE_CURVE('',#242,#250,#252,.T.);
#250 = VERTEX_POINT('',#251);
#251 = CARTESIAN_POINT('',(-20.,-39.00299835205,0.));
#252 = LINE('',#253,#254);
#253 = CARTESIAN_POINT('',(-20.,-30.00300025939,0.));
#254 = VECTOR('',#255,1.);
#255 = DIRECTION('',(0.,-1.,0.));
#256 = ORIENTED_EDGE('',*,*,#257,.T.);
#257 = EDGE_CURVE('',#250,#168,#258,.T.);
#258 = LINE('',#259,#260);
#259 = CARTESIAN_POINT('',(-20.,-39.00299835205,5.));
#260 = VECTOR('',#261,1.);
#261 = DIRECTION('',(0.,0.,-1.));
#262 = ORIENTED_EDGE('',*,*,#167,.T.);
#263 = ORIENTED_EDGE('',*,*,#39,.F.);
#264 = ORIENTED_EDGE('',*,*,#265,.T.);
#265 = EDGE_CURVE('',#40,#266,#268,.T.);
#266 = VERTEX_POINT('',#267);
#267 = CARTESIAN_POINT('',(-20.,-36.,5.));
#268 = LINE('',#269,#270);
#269 = CARTESIAN_POINT('',(-20.,-40.,5.));
#270 = VECTOR('',#271,1.);
#271 = DIRECTION('',(0.,1.,0.));
#272 = ORIENTED_EDGE('',*,*,#273,.F.);
#273 = EDGE_CURVE('',#274,#266,#276,.T.);
#274 = VERTEX_POINT('',#275);
#275 = CARTESIAN_POINT('',(-20.,-36.,5.168000221252));
#276 = LINE('',#277,#278);
#277 = CARTESIAN_POINT('',(-20.,-36.,5.168000221252));
#278 = VECTOR('',#279,1.);
#279 = DIRECTION('',(0.,0.,-1.));
#280 = ORIENTED_EDGE('',*,*,#281,.F.);
#281 = EDGE_CURVE('',#282,#274,#284,.T.);
#282 = VERTEX_POINT('',#283);
#283 = CARTESIAN_POINT('',(-20.,-35.99300003051,5.237999916077));
#284 = LINE('',#285,#286);
#285 = CARTESIAN_POINT('',(-20.,-35.99300003051,5.237999916077));
#286 = VECTOR('',#287,1.);
#287 = DIRECTION('',(0.,-9.9503719021E-02,-0.99503719021));
#288 = ORIENTED_EDGE('',*,*,#289,.F.);
#289 = EDGE_CURVE('',#290,#282,#292,.T.);
#290 = VERTEX_POINT('',#291);
#291 = CARTESIAN_POINT('',(-20.,-35.99100112915,5.248000144958));
#292 = LINE('',#293,#294);
#293 = CARTESIAN_POINT('',(-20.,-35.99100112915,5.248000144958));
#294 = VECTOR('',#295,1.);
#295 = DIRECTION('',(0.,-0.196008231592,-0.980602250226));
#296 = ORIENTED_EDGE('',*,*,#297,.F.);
#297 = EDGE_CURVE('',#298,#290,#300,.T.);
#298 = VERTEX_POINT('',#299);
#299 = CARTESIAN_POINT('',(-20.,-35.99000167846,5.257999897003));
#300 = LINE('',#301,#302);
#301 = CARTESIAN_POINT('',(-20.,-35.99000167846,5.257999897003));
#302 = VECTOR('',#303,1.);
#303 = DIRECTION('',(0.,-9.945204230976E-02,-0.995042356526));
#304 = ORIENTED_EDGE('',*,*,#305,.F.);
#305 = EDGE_CURVE('',#306,#298,#308,.T.);
#306 = VERTEX_POINT('',#307);
#307 = CARTESIAN_POINT('',(-20.,-35.9819984436,5.297999858856));
#308 = LINE('',#309,#310);
#309 = CARTESIAN_POINT('',(-20.,-35.9819984436,5.297999858856));
#310 = VECTOR('',#311,1.);
#311 = DIRECTION('',(0.,-0.196192564329,-0.980565386755));
#312 = ORIENTED_EDGE('',*,*,#313,.F.);
#313 = EDGE_CURVE('',#314,#306,#316,.T.);
#314 = VERTEX_POINT('',#315);
#315 = CARTESIAN_POINT('',(-20.,-35.97999954223,5.309000015259));
#316 = LINE('',#317,#318);
#317 = CARTESIAN_POINT('',(-20.,-35.97999954223,5.309000015259));
#318 = VECTOR('',#319,1.);
#319 = DIRECTION('',(0.,-0.178787854636,-0.983887647567));
#320 = ORIENTED_EDGE('',*,*,#321,.F.);
#321 = EDGE_CURVE('',#322,#314,#324,.T.);
#322 = VERTEX_POINT('',#323);
#323 = CARTESIAN_POINT('',(-20.,-35.9760017395,5.328999996185));
#324 = LINE('',#325,#326);
#325 = CARTESIAN_POINT('',(-20.,-35.9760017395,5.328999996185));
#326 = VECTOR('',#327,1.);
#327 = DIRECTION('',(0.,-0.19601272525,-0.980601351998));
#328 = ORIENTED_EDGE('',*,*,#329,.F.);
#329 = EDGE_CURVE('',#330,#322,#332,.T.);
#330 = VERTEX_POINT('',#331);
#331 = CARTESIAN_POINT('',(-20.,-35.97299957275,5.339000225067));
#332 = LINE('',#333,#334);
#333 = CARTESIAN_POINT('',(-20.,-35.97299957275,5.339000225067));
#334 = VECTOR('',#335,1.);
#335 = DIRECTION('',(0.,-0.287532232304,-0.957770961862));
#336 = ORIENTED_EDGE('',*,*,#337,.F.);
#337 = EDGE_CURVE('',#338,#330,#340,.T.);
#338 = VERTEX_POINT('',#339);
#339 = CARTESIAN_POINT('',(-20.,-35.97100067138,5.348999977112));
#340 = LINE('',#341,#342);
#341 = CARTESIAN_POINT('',(-20.,-35.97100067138,5.348999977112));
#342 = VECTOR('',#343,1.);
#343 = DIRECTION('',(0.,-0.196017219109,-0.980600453708));
#344 = ORIENTED_EDGE('',*,*,#345,.F.);
#345 = EDGE_CURVE('',#346,#338,#348,.T.);
#346 = VERTEX_POINT('',#347);
#347 = CARTESIAN_POINT('',(-20.,-35.95000076293,5.419000148773));
#348 = LINE('',#349,#350);
#349 = CARTESIAN_POINT('',(-20.,-35.95000076293,5.419000148773));
#350 = VECTOR('',#351,1.);
#351 = DIRECTION('',(0.,-0.287346089787,-0.957826823953));
#352 = ORIENTED_EDGE('',*,*,#353,.F.);
#353 = EDGE_CURVE('',#354,#346,#356,.T.);
#354 = VERTEX_POINT('',#355);
#355 = CARTESIAN_POINT('',(-20.,-35.9459991455,5.428999900818));
#356 = LINE('',#357,#358);
#357 = CARTESIAN_POINT('',(-20.,-35.9459991455,5.428999900818));
#358 = VECTOR('',#359,1.);
#359 = DIRECTION('',(0.,-0.371528067204,-0.928421722753));
#360 = ORIENTED_EDGE('',*,*,#361,.F.);
#361 = EDGE_CURVE('',#362,#354,#364,.T.);
#362 = VERTEX_POINT('',#363);
#363 = CARTESIAN_POINT('',(-20.,-35.94300079345,5.4390001297));
#364 = LINE('',#365,#366);
#365 = CARTESIAN_POINT('',(-20.,-35.94300079345,5.4390001297));
#366 = VECTOR('',#367,1.);
#367 = DIRECTION('',(0.,-0.287197032661,-0.957871528145));
#368 = ORIENTED_EDGE('',*,*,#369,.F.);
#369 = EDGE_CURVE('',#370,#362,#372,.T.);
#370 = VERTEX_POINT('',#371);
#371 = CARTESIAN_POINT('',(-20.,-35.91899871826,5.499000072479));
#372 = LINE('',#373,#374);
#373 = CARTESIAN_POINT('',(-20.,-35.91899871826,5.499000072479));
#374 = VECTOR('',#375,1.);
#375 = DIRECTION('',(0.,-0.371418664691,-0.928465495061));
#376 = ORIENTED_EDGE('',*,*,#377,.F.);
#377 = EDGE_CURVE('',#378,#370,#380,.T.);
#378 = VERTEX_POINT('',#379);
#379 = CARTESIAN_POINT('',(-20.,-35.91400146484,5.510000228882));
#380 = LINE('',#381,#382);
#381 = CARTESIAN_POINT('',(-20.,-35.91400146484,5.510000228882));
#382 = VECTOR('',#383,1.);
#383 = DIRECTION('',(0.,-0.413609656908,-0.910454310612));
#384 = ORIENTED_EDGE('',*,*,#385,.F.);
#385 = EDGE_CURVE('',#386,#378,#388,.T.);
#386 = VERTEX_POINT('',#387);
#387 = CARTESIAN_POINT('',(-20.,-35.90999984741,5.519999980927));
#388 = LINE('',#389,#390);
#389 = CARTESIAN_POINT('',(-20.,-35.90999984741,5.519999980927));
#390 = VECTOR('',#391,1.);
#391 = DIRECTION('',(0.,-0.371528067204,-0.928421722753));
#392 = ORIENTED_EDGE('',*,*,#393,.F.);
#393 = EDGE_CURVE('',#394,#386,#396,.T.);
#394 = VERTEX_POINT('',#395);
#395 = CARTESIAN_POINT('',(-20.,-35.88499832153,5.570000171661));
#396 = LINE('',#397,#398);
#397 = CARTESIAN_POINT('',(-20.,-35.88499832153,5.570000171661));
#398 = VECTOR('',#399,1.);
#399 = DIRECTION('',(0.,-0.447234066884,-0.894416955015));
#400 = ORIENTED_EDGE('',*,*,#401,.F.);
#401 = EDGE_CURVE('',#402,#394,#404,.T.);
#402 = VERTEX_POINT('',#403);
#403 = CARTESIAN_POINT('',(-20.,-35.87900161743,5.579999923706));
#404 = LINE('',#405,#406);
#405 = CARTESIAN_POINT('',(-20.,-35.87900161743,5.579999923706));
#406 = VECTOR('',#407,1.);
#407 = DIRECTION('',(0.,-0.514297279939,-0.857611979771));
#408 = ORIENTED_EDGE('',*,*,#409,.F.);
#409 = EDGE_CURVE('',#410,#402,#412,.T.);
#410 = VERTEX_POINT('',#411);
#411 = CARTESIAN_POINT('',(-20.,-35.87400054931,5.590000152588));
#412 = LINE('',#413,#414);
#413 = CARTESIAN_POINT('',(-20.,-35.87400054931,5.590000152588));
#414 = VECTOR('',#415,1.);
#415 = DIRECTION('',(0.,-0.447281829413,-0.89439307079));
#416 = ORIENTED_EDGE('',*,*,#417,.F.);
#417 = EDGE_CURVE('',#418,#410,#420,.T.);
#418 = VERTEX_POINT('',#419);
#419 = CARTESIAN_POINT('',(-20.,-35.84999847412,5.630000114441));
#420 = LINE('',#421,#422);
#421 = CARTESIAN_POINT('',(-20.,-35.84999847412,5.630000114441));
#422 = VECTOR('',#423,1.);
#423 = DIRECTION('',(0.,-0.514528825851,-0.857473082591));
#424 = ORIENTED_EDGE('',*,*,#425,.F.);
#425 = EDGE_CURVE('',#426,#418,#428,.T.);
#426 = VERTEX_POINT('',#427);
#427 = CARTESIAN_POINT('',(-20.,-35.84299850463,5.639999866486));
#428 = LINE('',#429,#430);
#429 = CARTESIAN_POINT('',(-20.,-35.84299850463,5.639999866486));
#430 = VECTOR('',#431,1.);
#431 = DIRECTION('',(0.,-0.573470209718,-0.819226414714));
#432 = ORIENTED_EDGE('',*,*,#433,.F.);
#433 = EDGE_CURVE('',#434,#426,#436,.T.);
#434 = VERTEX_POINT('',#435);
#435 = CARTESIAN_POINT('',(-20.,-35.83700180053,5.650000095367));
#436 = LINE('',#437,#438);
#437 = CARTESIAN_POINT('',(-20.,-35.83700180053,5.650000095367));
#438 = VECTOR('',#439,1.);
#439 = DIRECTION('',(0.,-0.514279242941,-0.857622796036));
#440 = ORIENTED_EDGE('',*,*,#441,.F.);
#441 = EDGE_CURVE('',#442,#434,#444,.T.);
#442 = VERTEX_POINT('',#443);
#443 = CARTESIAN_POINT('',(-20.,-35.80199813842,5.699999809265));
#444 = LINE('',#445,#446);
#445 = CARTESIAN_POINT('',(-20.,-35.80199813842,5.699999809265));
#446 = VECTOR('',#447,1.);
#447 = DIRECTION('',(0.,-0.573504814587,-0.819202189722));
#448 = ORIENTED_EDGE('',*,*,#449,.F.);
#449 = EDGE_CURVE('',#450,#442,#452,.T.);
#450 = VERTEX_POINT('',#451);
#451 = CARTESIAN_POINT('',(-20.,-35.79399871826,5.710999965668));
#452 = LINE('',#453,#454);
#453 = CARTESIAN_POINT('',(-20.,-35.79399871826,5.710999965668));
#454 = VECTOR('',#455,1.);
#455 = DIRECTION('',(0.,-0.588138344397,-0.808760340181));
#456 = ORIENTED_EDGE('',*,*,#457,.F.);
#457 = EDGE_CURVE('',#458,#450,#460,.T.);
#458 = VERTEX_POINT('',#459);
#459 = CARTESIAN_POINT('',(-20.,-35.77000045776,5.741000175476));
#460 = LINE('',#461,#462);
#461 = CARTESIAN_POINT('',(-20.,-35.77000045776,5.741000175476));
#462 = VECTOR('',#463,1.);
#463 = DIRECTION('',(0.,-0.624664774223,-0.780893027146));
#464 = ORIENTED_EDGE('',*,*,#465,.F.);
#465 = EDGE_CURVE('',#466,#458,#468,.T.);
#466 = VERTEX_POINT('',#467);
#467 = CARTESIAN_POINT('',(-20.,-35.76100158691,5.750999927521));
#468 = LINE('',#469,#470);
#469 = CARTESIAN_POINT('',(-20.,-35.76100158691,5.750999927521));
#470 = VECTOR('',#471,1.);
#471 = DIRECTION('',(0.,-0.668927522798,-0.743327632503));
#472 = ORIENTED_EDGE('',*,*,#473,.F.);
#473 = EDGE_CURVE('',#474,#466,#476,.T.);
#474 = VERTEX_POINT('',#475);
#475 = CARTESIAN_POINT('',(-20.,-35.75299835205,5.761000156403));
#476 = LINE('',#477,#478);
#477 = CARTESIAN_POINT('',(-20.,-35.75299835205,5.761000156403));
#478 = VECTOR('',#479,1.);
#479 = DIRECTION('',(0.,-0.624840318037,-0.780752570893));
#480 = ORIENTED_EDGE('',*,*,#481,.F.);
#481 = EDGE_CURVE('',#482,#474,#484,.T.);
#482 = VERTEX_POINT('',#483);
#483 = CARTESIAN_POINT('',(-20.,-35.7439994812,5.770999908447));
#484 = LINE('',#485,#486);
#485 = CARTESIAN_POINT('',(-20.,-35.7439994812,5.770999908447));
#486 = VECTOR('',#487,1.);
#487 = DIRECTION('',(0.,-0.668927522798,-0.743327632503));
#488 = ORIENTED_EDGE('',*,*,#489,.F.);
#489 = EDGE_CURVE('',#490,#482,#492,.T.);
#490 = VERTEX_POINT('',#491);
#491 = CARTESIAN_POINT('',(-20.,-35.73400115966,5.781000137329));
#492 = LINE('',#493,#494);
#493 = CARTESIAN_POINT('',(-20.,-35.73400115966,5.781000137329));
#494 = VECTOR('',#495,1.);
#495 = DIRECTION('',(0.,-0.707039338125,-0.707174217816));
#496 = ORIENTED_EDGE('',*,*,#497,.F.);
#497 = EDGE_CURVE('',#498,#490,#500,.T.);
#498 = VERTEX_POINT('',#499);
#499 = CARTESIAN_POINT('',(-20.,-35.72499847412,5.790999889374));
#500 = LINE('',#501,#502);
#501 = CARTESIAN_POINT('',(-20.,-35.72499847412,5.790999889374));
#502 = VECTOR('',#503,1.);
#503 = DIRECTION('',(0.,-0.669084157547,-0.743186645547));
#504 = ORIENTED_EDGE('',*,*,#505,.F.);
#505 = EDGE_CURVE('',#506,#498,#508,.T.);
#506 = VERTEX_POINT('',#507);
#507 = CARTESIAN_POINT('',(-20.,-35.69499969482,5.821000099182));
#508 = LINE('',#509,#510);
#509 = CARTESIAN_POINT('',(-20.,-35.69499969482,5.821000099182));
#510 = VECTOR('',#511,1.);
#511 = DIRECTION('',(0.,-0.707089921962,-0.707123640009));
#512 = ORIENTED_EDGE('',*,*,#513,.F.);
#513 = EDGE_CURVE('',#514,#506,#516,.T.);
#514 = VERTEX_POINT('',#515);
#515 = CARTESIAN_POINT('',(-20.,-35.65100097656,5.861000061035));
#516 = LINE('',#517,#518);
#517 = CARTESIAN_POINT('',(-20.,-35.65100097656,5.861000061035));
#518 = VECTOR('',#519,1.);
#519 = DIRECTION('',(0.,-0.739930639187,-0.67268317148));
#520 = ORIENTED_EDGE('',*,*,#521,.F.);
#521 = EDGE_CURVE('',#522,#514,#524,.T.);
#522 = VERTEX_POINT('',#523);
#523 = CARTESIAN_POINT('',(-20.,-35.63899993896,5.87099981308));
#524 = LINE('',#525,#526);
#525 = CARTESIAN_POINT('',(-20.,-35.63899993896,5.87099981308));
#526 = VECTOR('',#527,1.);
#527 = DIRECTION('',(0.,-0.768256307278,-0.64014236411));
#528 = ORIENTED_EDGE('',*,*,#529,.F.);
#529 = EDGE_CURVE('',#530,#522,#532,.T.);
#530 = VERTEX_POINT('',#531);
#531 = CARTESIAN_POINT('',(-20.,-35.62599945068,5.881000041962));
#532 = LINE('',#533,#534);
#533 = CARTESIAN_POINT('',(-20.,-35.62599945068,5.881000041962));
#534 = VECTOR('',#535,1.);
#535 = DIRECTION('',(0.,-0.792628312109,-0.609705140902));
#536 = ORIENTED_EDGE('',*,*,#537,.F.);
#537 = EDGE_CURVE('',#538,#530,#540,.T.);
#538 = VERTEX_POINT('',#539);
#539 = CARTESIAN_POINT('',(-20.,-35.61399841308,5.890999794006));
#540 = LINE('',#541,#542);
#541 = CARTESIAN_POINT('',(-20.,-35.61399841308,5.890999794006));
#542 = VECTOR('',#543,1.);
#543 = DIRECTION('',(0.,-0.768256307278,-0.64014236411));
#544 = ORIENTED_EDGE('',*,*,#545,.F.);
#545 = EDGE_CURVE('',#546,#538,#548,.T.);
#546 = VERTEX_POINT('',#547);
#547 = CARTESIAN_POINT('',(-20.,-35.6010017395,5.901000022888));
#548 = LINE('',#549,#550);
#549 = CARTESIAN_POINT('',(-20.,-35.6010017395,5.901000022888));
#550 = VECTOR('',#551,1.);
#551 = DIRECTION('',(0.,-0.792541829296,-0.609817553713));
#552 = ORIENTED_EDGE('',*,*,#553,.F.);
#553 = EDGE_CURVE('',#554,#546,#556,.T.);
#554 = VERTEX_POINT('',#555);
#555 = CARTESIAN_POINT('',(-20.,-35.58700180053,5.912000179291));
#556 = LINE('',#557,#558);
#557 = CARTESIAN_POINT('',(-20.,-35.58700180053,5.912000179291));
#558 = VECTOR('',#559,1.);
#559 = DIRECTION('',(0.,-0.786312762775,-0.617828648653));
#560 = ORIENTED_EDGE('',*,*,#561,.F.);
#561 = EDGE_CURVE('',#562,#554,#564,.T.);
#562 = VERTEX_POINT('',#563);
#563 = CARTESIAN_POINT('',(-20.,-35.57300186157,5.921999931335));
#564 = LINE('',#565,#566);
#565 = CARTESIAN_POINT('',(-20.,-35.57300186157,5.921999931335));
#566 = VECTOR('',#567,1.);
#567 = DIRECTION('',(0.,-0.813739089258,-0.581230328366));
#568 = ORIENTED_EDGE('',*,*,#569,.F.);
#569 = EDGE_CURVE('',#570,#562,#572,.T.);
#570 = VERTEX_POINT('',#571);
#571 = CARTESIAN_POINT('',(-20.,-35.54299926757,5.941999912262));
#572 = LINE('',#573,#574);
#573 = CARTESIAN_POINT('',(-20.,-35.54299926757,5.941999912262));
#574 = VECTOR('',#575,1.);
#575 = DIRECTION('',(0.,-0.832072673238,-0.554666626408));
#576 = ORIENTED_EDGE('',*,*,#577,.F.);
#577 = EDGE_CURVE('',#578,#570,#580,.T.);
#578 = VERTEX_POINT('',#579);
#579 = CARTESIAN_POINT('',(-20.,-35.52700042724,5.952000141144));
#580 = LINE('',#581,#582);
#581 = CARTESIAN_POINT('',(-20.,-35.52700042724,5.952000141144));
#582 = VECTOR('',#583,1.);
#583 = DIRECTION('',(0.,-0.847975585497,-0.530035287883));
#584 = ORIENTED_EDGE('',*,*,#585,.F.);
#585 = EDGE_CURVE('',#586,#578,#588,.T.);
#586 = VERTEX_POINT('',#587);
#587 = CARTESIAN_POINT('',(-20.,-35.49300003051,5.97200012207));
#588 = LINE('',#589,#590);
#589 = CARTESIAN_POINT('',(-20.,-35.49300003051,5.97200012207));
#590 = VECTOR('',#591,1.);
#591 = DIRECTION('',(0.,-0.8619370119,-0.507015372071));
#592 = ORIENTED_EDGE('',*,*,#593,.F.);
#593 = EDGE_CURVE('',#594,#586,#596,.T.);
#594 = VERTEX_POINT('',#595);
#595 = CARTESIAN_POINT('',(-20.,-35.47499847412,5.981999874115));
#596 = LINE('',#597,#598);
#597 = CARTESIAN_POINT('',(-20.,-35.47499847412,5.981999874115));
#598 = VECTOR('',#599,1.);
#599 = DIRECTION('',(0.,-0.87418021256,-0.485601643293));
#600 = ORIENTED_EDGE('',*,*,#601,.F.);
#601 = EDGE_CURVE('',#602,#594,#604,.T.);
#602 = VERTEX_POINT('',#603);
#603 = CARTESIAN_POINT('',(-20.,-35.45600128173,5.992000102997));
#604 = LINE('',#605,#606);
#605 = CARTESIAN_POINT('',(-20.,-35.45600128173,5.992000102997));
#606 = VECTOR('',#607,1.);
#607 = DIRECTION('',(0.,-0.884885457792,-0.465808680241));
#608 = ORIENTED_EDGE('',*,*,#609,.F.);
#609 = EDGE_CURVE('',#610,#602,#612,.T.);
#610 = VERTEX_POINT('',#611);
#611 = CARTESIAN_POINT('',(-20.,-35.43600082397,6.001999855042));
#612 = LINE('',#613,#614);
#613 = CARTESIAN_POINT('',(-20.,-35.43600082397,6.001999855042));
#614 = VECTOR('',#615,1.);
#615 = DIRECTION('',(0.,-0.894435720646,-0.447196535802));
#616 = ORIENTED_EDGE('',*,*,#617,.F.);
#617 = EDGE_CURVE('',#618,#610,#620,.T.);
#618 = VERTEX_POINT('',#619);
#619 = CARTESIAN_POINT('',(-20.,-35.41400146484,6.012000083923));
#620 = LINE('',#621,#622);
#621 = CARTESIAN_POINT('',(-20.,-35.41400146484,6.012000083923));
#622 = VECTOR('',#623,1.);
#623 = DIRECTION('',(0.,-0.910358368222,-0.413820784167));
#624 = ORIENTED_EDGE('',*,*,#625,.F.);
#625 = EDGE_CURVE('',#626,#618,#628,.T.);
#626 = VERTEX_POINT('',#627);
#627 = CARTESIAN_POINT('',(-20.,-35.39099884033,6.021999835968));
#628 = LINE('',#629,#630);
#629 = CARTESIAN_POINT('',(-20.,-35.39099884033,6.021999835968));
#630 = VECTOR('',#631,1.);
#631 = DIRECTION('',(0.,-0.917090305254,-0.398679535478));
#632 = ORIENTED_EDGE('',*,*,#633,.F.);
#633 = EDGE_CURVE('',#634,#626,#636,.T.);
#634 = VERTEX_POINT('',#635);
#635 = CARTESIAN_POINT('',(-20.,-35.36700057983,6.03200006485));
#636 = LINE('',#637,#638);
#637 = CARTESIAN_POINT('',(-20.,-35.36700057983,6.03200006485));
#638 = VECTOR('',#639,1.);
#639 = DIRECTION('',(0.,-0.92306389938,-0.384646639998));
#640 = ORIENTED_EDGE('',*,*,#641,.F.);
#641 = EDGE_CURVE('',#642,#634,#644,.T.);
#642 = VERTEX_POINT('',#643);
#643 = CARTESIAN_POINT('',(-20.,-35.34000015258,6.041999816895));
#644 = LINE('',#645,#646);
#645 = CARTESIAN_POINT('',(-20.,-35.34000015258,6.041999816895));
#646 = VECTOR('',#647,1.);
#647 = DIRECTION('',(0.,-0.937753355386,-0.347301949982));
#648 = ORIENTED_EDGE('',*,*,#649,.F.);
#649 = EDGE_CURVE('',#650,#642,#652,.T.);
#650 = VERTEX_POINT('',#651);
#651 = CARTESIAN_POINT('',(-20.,-35.31100082397,6.052000045776));
#652 = LINE('',#653,#654);
#653 = CARTESIAN_POINT('',(-20.,-35.31100082397,6.052000045776));
#654 = VECTOR('',#655,1.);
#655 = DIRECTION('',(0.,-0.945368356106,-0.326004097018));
#656 = ORIENTED_EDGE('',*,*,#657,.F.);
#657 = EDGE_CURVE('',#658,#650,#660,.T.);
#658 = VERTEX_POINT('',#659);
#659 = CARTESIAN_POINT('',(-20.,-35.27899932861,6.061999797821));
#660 = LINE('',#661,#662);
#661 = CARTESIAN_POINT('',(-20.,-35.27899932861,6.061999797821));
#662 = VECTOR('',#663,1.);
#663 = DIRECTION('',(0.,-0.954486051411,-0.298255557637));
#664 = ORIENTED_EDGE('',*,*,#665,.F.);
#665 = EDGE_CURVE('',#666,#658,#668,.T.);
#666 = VERTEX_POINT('',#667);
#667 = CARTESIAN_POINT('',(-20.,-35.24200057983,6.072000026703));
#668 = LINE('',#669,#670);
#669 = CARTESIAN_POINT('',(-20.,-35.24200057983,6.072000026703));
#670 = VECTOR('',#671,1.);
#671 = DIRECTION('',(0.,-0.965359666413,-0.260922813228));
#672 = ORIENTED_EDGE('',*,*,#673,.F.);
#673 = EDGE_CURVE('',#674,#666,#676,.T.);
#674 = VERTEX_POINT('',#675);
#675 = CARTESIAN_POINT('',(-20.,-35.19699859619,6.081999778748));
#676 = LINE('',#677,#678);
#677 = CARTESIAN_POINT('',(-20.,-35.19699859619,6.081999778748));
#678 = VECTOR('',#679,1.);
#679 = DIRECTION('',(0.,-0.976190224013,-0.216916220096));
#680 = ORIENTED_EDGE('',*,*,#681,.F.);
#681 = EDGE_CURVE('',#682,#674,#684,.T.);
#682 = VERTEX_POINT('',#683);
#683 = CARTESIAN_POINT('',(-20.,-35.13899993896,6.092000007629));
#684 = LINE('',#685,#686);
#685 = CARTESIAN_POINT('',(-20.,-35.13899993896,6.092000007629));
#686 = VECTOR('',#687,1.);
#687 = DIRECTION('',(0.,-0.985458805928,-0.169914513269));
#688 = ORIENTED_EDGE('',*,*,#689,.F.);
#689 = EDGE_CURVE('',#690,#682,#692,.T.);
#690 = VERTEX_POINT('',#691);
#691 = CARTESIAN_POINT('',(-20.,-35.02619934082,6.099999904633));
#692 = LINE('',#693,#694);
#693 = CARTESIAN_POINT('',(-20.,-35.02619934082,6.099999904633));
#694 = VECTOR('',#695,1.);
#695 = DIRECTION('',(0.,-0.99749457468,-7.07430101429E-02));
#696 = ORIENTED_EDGE('',*,*,#697,.F.);
#697 = EDGE_CURVE('',#698,#690,#700,.T.);
#698 = VERTEX_POINT('',#699);
#699 = CARTESIAN_POINT('',(-20.,-26.,6.099999904633));
#700 = LINE('',#701,#702);
#701 = CARTESIAN_POINT('',(-20.,-26.,6.099999904633));
#702 = VECTOR('',#703,1.);
#703 = DIRECTION('',(0.,-1.,0.));
#704 = ORIENTED_EDGE('',*,*,#705,.F.);
#705 = EDGE_CURVE('',#234,#698,#706,.T.);
#706 = LINE('',#707,#708);
#707 = CARTESIAN_POINT('',(-20.,-26.,5.007999897003));
#708 = VECTOR('',#709,1.);
#709 = DIRECTION('',(0.,0.,1.));
#710 = PLANE('',#711);
#711 = AXIS2_PLACEMENT_3D('',#712,#713,#714);
#712 = CARTESIAN_POINT('',(-20.,-34.36245672315,2.896489992061));
#713 = DIRECTION('',(-1.,-0.,-0.));
#714 = DIRECTION('',(0.,0.,-1.));
#715 = ADVANCED_FACE('',(#716),#735,.T.);
#716 = FACE_BOUND('',#717,.T.);
#717 = EDGE_LOOP('',(#718,#719,#720,#729));
#718 = ORIENTED_EDGE('',*,*,#63,.T.);
#719 = ORIENTED_EDGE('',*,*,#208,.T.);
#720 = ORIENTED_EDGE('',*,*,#721,.F.);
#721 = EDGE_CURVE('',#722,#209,#724,.T.);
#722 = VERTEX_POINT('',#723);
#723 = CARTESIAN_POINT('',(5.7,-52.50299835205,0.4));
#724 = CIRCLE('',#725,0.5);
#725 = AXIS2_PLACEMENT_3D('',#726,#727,#728);
#726 = CARTESIAN_POINT('',(5.2,-52.50299835205,0.4));
#727 = DIRECTION('',(0.,-1.,2.7E-16));
#728 = DIRECTION('',(0.,2.7E-16,1.));
#729 = ORIENTED_EDGE('',*,*,#730,.F.);
#730 = EDGE_CURVE('',#56,#722,#731,.T.);
#731 = LINE('',#732,#733);
#732 = CARTESIAN_POINT('',(5.7,-41.00299835205,0.4));
#733 = VECTOR('',#734,1.);
#734 = DIRECTION('',(0.,-1.,2.2E-16));
#735 = CYLINDRICAL_SURFACE('',#736,0.5);
#736 = AXIS2_PLACEMENT_3D('',#737,#738,#739);
#737 = CARTESIAN_POINT('',(5.2,-41.00299835205,0.4));
#738 = DIRECTION('',(0.,-1.,2.2E-16));
#739 = DIRECTION('',(1.,0.,0.));
#740 = ADVANCED_FACE('',(#741),#775,.T.);
#741 = FACE_BOUND('',#742,.T.);
#742 = EDGE_LOOP('',(#743,#744,#745,#753,#761,#769));
#743 = ORIENTED_EDGE('',*,*,#265,.F.);
#744 = ORIENTED_EDGE('',*,*,#47,.F.);
#745 = ORIENTED_EDGE('',*,*,#746,.F.);
#746 = EDGE_CURVE('',#747,#48,#749,.T.);
#747 = VERTEX_POINT('',#748);
#748 = CARTESIAN_POINT('',(5.7,-39.00299835205,5.));
#749 = LINE('',#750,#751);
#750 = CARTESIAN_POINT('',(5.7,-39.00299835205,5.));
#751 = VECTOR('',#752,1.);
#752 = DIRECTION('',(0.,-1.,2.2E-16));
#753 = ORIENTED_EDGE('',*,*,#754,.T.);
#754 = EDGE_CURVE('',#747,#755,#757,.T.);
#755 = VERTEX_POINT('',#756);
#756 = CARTESIAN_POINT('',(-3.5,-39.00299835205,5.));
#757 = LINE('',#758,#759);
#758 = CARTESIAN_POINT('',(5.7,-39.00299835205,5.));
#759 = VECTOR('',#760,1.);
#760 = DIRECTION('',(-1.,0.,0.));
#761 = ORIENTED_EDGE('',*,*,#762,.T.);
#762 = EDGE_CURVE('',#755,#763,#765,.T.);
#763 = VERTEX_POINT('',#764);
#764 = CARTESIAN_POINT('',(-3.5,-36.,5.));
#765 = LINE('',#766,#767);
#766 = CARTESIAN_POINT('',(-3.5,-40.,5.));
#767 = VECTOR('',#768,1.);
#768 = DIRECTION('',(0.,1.,0.));
#769 = ORIENTED_EDGE('',*,*,#770,.T.);
#770 = EDGE_CURVE('',#763,#266,#771,.T.);
#771 = LINE('',#772,#773);
#772 = CARTESIAN_POINT('',(-3.5,-36.,5.));
#773 = VECTOR('',#774,1.);
#774 = DIRECTION('',(-1.,0.,0.));
#775 = PLANE('',#776);
#776 = AXIS2_PLACEMENT_3D('',#777,#778,#779);
#777 = CARTESIAN_POINT('',(-7.599916723476,-38.9514158995,5.));
#778 = DIRECTION('',(0.,0.,1.));
#779 = DIRECTION('',(1.,0.,0.));
#780 = ADVANCED_FACE('',(#781),#815,.T.);
#781 = FACE_BOUND('',#782,.T.);
#782 = EDGE_LOOP('',(#783,#791,#792,#798,#799,#800,#801,#809));
#783 = ORIENTED_EDGE('',*,*,#784,.F.);
#784 = EDGE_CURVE('',#184,#785,#787,.T.);
#785 = VERTEX_POINT('',#786);
#786 = CARTESIAN_POINT('',(5.7,-42.50299835205,-3.6));
#787 = LINE('',#788,#789);
#788 = CARTESIAN_POINT('',(5.7,-42.50299835205,-3.762012987013));
#789 = VECTOR('',#790,1.);
#790 = DIRECTION('',(0.,2.2E-16,-1.));
#791 = ORIENTED_EDGE('',*,*,#183,.F.);
#792 = ORIENTED_EDGE('',*,*,#793,.T.);
#793 = EDGE_CURVE('',#176,#747,#794,.T.);
#794 = LINE('',#795,#796);
#795 = CARTESIAN_POINT('',(5.7,-39.00299835205,-2.));
#796 = VECTOR('',#797,1.);
#797 = DIRECTION('',(0.,0.,1.));
#798 = ORIENTED_EDGE('',*,*,#746,.T.);
#799 = ORIENTED_EDGE('',*,*,#55,.T.);
#800 = ORIENTED_EDGE('',*,*,#730,.T.);
#801 = ORIENTED_EDGE('',*,*,#802,.F.);
#802 = EDGE_CURVE('',#803,#722,#805,.T.);
#803 = VERTEX_POINT('',#804);
#804 = CARTESIAN_POINT('',(5.7,-52.50299835205,-3.6));
#805 = LINE('',#806,#807);
#806 = CARTESIAN_POINT('',(5.7,-52.50299835205,-4.1));
#807 = VECTOR('',#808,1.);
#808 = DIRECTION('',(0.,2.2E-16,1.));
#809 = ORIENTED_EDGE('',*,*,#810,.F.);
#810 = EDGE_CURVE('',#785,#803,#811,.T.);
#811 = LINE('',#812,#813);
#812 = CARTESIAN_POINT('',(5.7,-42.50299835205,-3.6));
#813 = VECTOR('',#814,1.);
#814 = DIRECTION('',(0.,-1.,2.2E-16));
#815 = PLANE('',#816);
#816 = AXIS2_PLACEMENT_3D('',#817,#818,#819);
#817 = CARTESIAN_POINT('',(5.7,-45.02897237802,-0.524025974026));
#818 = DIRECTION('',(1.,0.,0.));
#819 = DIRECTION('',(0.,0.,1.));
#820 = ADVANCED_FACE('',(#821),#848,.T.);
#821 = FACE_BOUND('',#822,.F.);
#822 = EDGE_LOOP('',(#823,#824,#833,#841));
#823 = ORIENTED_EDGE('',*,*,#104,.F.);
#824 = ORIENTED_EDGE('',*,*,#825,.T.);
#825 = EDGE_CURVE('',#97,#826,#828,.T.);
#826 = VERTEX_POINT('',#827);
#827 = CARTESIAN_POINT('',(-9.,-53.00299835205,0.4));
#828 = CIRCLE('',#829,0.5);
#829 = AXIS2_PLACEMENT_3D('',#830,#831,#832);
#830 = CARTESIAN_POINT('',(-9.,-52.50299835205,0.4));
#831 = DIRECTION('',(0.,2.2E-16,1.));
#832 = DIRECTION('',(-1.,0.,0.));
#833 = ORIENTED_EDGE('',*,*,#834,.T.);
#834 = EDGE_CURVE('',#826,#835,#837,.T.);
#835 = VERTEX_POINT('',#836);
#836 = CARTESIAN_POINT('',(-9.,-53.00299835205,-3.6));
#837 = LINE('',#838,#839);
#838 = CARTESIAN_POINT('',(-9.,-53.00299835205,0.9));
#839 = VECTOR('',#840,1.);
#840 = DIRECTION('',(0.,-2.2E-16,-1.));
#841 = ORIENTED_EDGE('',*,*,#842,.F.);
#842 = EDGE_CURVE('',#105,#835,#843,.T.);
#843 = CIRCLE('',#844,0.5);
#844 = AXIS2_PLACEMENT_3D('',#845,#846,#847);
#845 = CARTESIAN_POINT('',(-9.,-52.50299835205,-3.6));
#846 = DIRECTION('',(0.,2.2E-16,1.));
#847 = DIRECTION('',(-1.,0.,0.));
#848 = CYLINDRICAL_SURFACE('',#849,0.5);
#849 = AXIS2_PLACEMENT_3D('',#850,#851,#852);
#850 = CARTESIAN_POINT('',(-9.,-52.50299835205,0.9));
#851 = DIRECTION('',(0.,-2.2E-16,-1.));
#852 = DIRECTION('',(-1.,0.,0.));
#853 = ADVANCED_FACE('',(#854),#883,.F.);
#854 = FACE_BOUND('',#855,.F.);
#855 = EDGE_LOOP('',(#856,#857,#858,#859,#868,#876));
#856 = ORIENTED_EDGE('',*,*,#784,.F.);
#857 = ORIENTED_EDGE('',*,*,#191,.F.);
#858 = ORIENTED_EDGE('',*,*,#120,.T.);
#859 = ORIENTED_EDGE('',*,*,#860,.T.);
#860 = EDGE_CURVE('',#113,#861,#863,.T.);
#861 = VERTEX_POINT('',#862);
#862 = CARTESIAN_POINT('',(-9.,-42.50299835205,-4.1));
#863 = CIRCLE('',#864,0.5);
#864 = AXIS2_PLACEMENT_3D('',#865,#866,#867);
#865 = CARTESIAN_POINT('',(-9.,-42.50299835205,-3.6));
#866 = DIRECTION('',(0.,-1.,2.2E-16));
#867 = DIRECTION('',(0.,-2.2E-16,-1.));
#868 = ORIENTED_EDGE('',*,*,#869,.T.);
#869 = EDGE_CURVE('',#861,#870,#872,.T.);
#870 = VERTEX_POINT('',#871);
#871 = CARTESIAN_POINT('',(5.2,-42.50299835205,-4.1));
#872 = LINE('',#873,#874);
#873 = CARTESIAN_POINT('',(-14.75,-42.50299835205,-4.1));
#874 = VECTOR('',#875,1.);
#875 = DIRECTION('',(1.,-1.1E-16,0.));
#876 = ORIENTED_EDGE('',*,*,#877,.F.);
#877 = EDGE_CURVE('',#785,#870,#878,.T.);
#878 = CIRCLE('',#879,0.5);
#879 = AXIS2_PLACEMENT_3D('',#880,#881,#882);
#880 = CARTESIAN_POINT('',(5.2,-42.50299835205,-3.6));
#881 = DIRECTION('',(0.,1.,-2.2E-16));
#882 = DIRECTION('',(0.,-2.2E-16,-1.));
#883 = PLANE('',#884);
#884 = AXIS2_PLACEMENT_3D('',#885,#886,#887);
#885 = CARTESIAN_POINT('',(-20.,-42.50299835205,-7.));
#886 = DIRECTION('',(-1.1E-16,-1.,-2.2E-16));
#887 = DIRECTION('',(-2.2E-16,-2.2E-16,1.));
#888 = ADVANCED_FACE('',(#889),#908,.T.);
#889 = FACE_BOUND('',#890,.T.);
#890 = EDGE_LOOP('',(#891,#892,#900,#907));
#891 = ORIENTED_EDGE('',*,*,#860,.T.);
#892 = ORIENTED_EDGE('',*,*,#893,.T.);
#893 = EDGE_CURVE('',#861,#894,#896,.T.);
#894 = VERTEX_POINT('',#895);
#895 = CARTESIAN_POINT('',(-9.,-52.50299835205,-4.1));
#896 = LINE('',#897,#898);
#897 = CARTESIAN_POINT('',(-9.,-42.50299835205,-4.1));
#898 = VECTOR('',#899,1.);
#899 = DIRECTION('',(0.,-1.,2.2E-16));
#900 = ORIENTED_EDGE('',*,*,#901,.T.);
#901 = EDGE_CURVE('',#894,#105,#902,.T.);
#902 = CIRCLE('',#903,0.5);
#903 = AXIS2_PLACEMENT_3D('',#904,#905,#906);
#904 = CARTESIAN_POINT('',(-9.,-52.50299835205,-3.6));
#905 = DIRECTION('',(0.,1.,-2.2E-16));
#906 = DIRECTION('',(-1.,0.,0.));
#907 = ORIENTED_EDGE('',*,*,#112,.F.);
#908 = CYLINDRICAL_SURFACE('',#909,0.5);
#909 = AXIS2_PLACEMENT_3D('',#910,#911,#912);
#910 = CARTESIAN_POINT('',(-9.,-42.50299835205,-3.6));
#911 = DIRECTION('',(0.,-1.,2.2E-16));
#912 = DIRECTION('',(-1.,0.,0.));
#913 = ADVANCED_FACE('',(#914),#925,.T.);
#914 = FACE_BOUND('',#915,.F.);
#915 = EDGE_LOOP('',(#916,#917,#924));
#916 = ORIENTED_EDGE('',*,*,#151,.F.);
#917 = ORIENTED_EDGE('',*,*,#918,.T.);
#918 = EDGE_CURVE('',#144,#826,#919,.T.);
#919 = CIRCLE('',#920,0.5);
#920 = AXIS2_PLACEMENT_3D('',#921,#922,#923);
#921 = CARTESIAN_POINT('',(-9.,-52.50299835205,0.4));
#922 = DIRECTION('',(1.,1.6E-16,0.));
#923 = DIRECTION('',(1.6E-16,-1.,2.2E-16));
#924 = ORIENTED_EDGE('',*,*,#825,.F.);
#925 = SPHERICAL_SURFACE('',#926,0.5);
#926 = AXIS2_PLACEMENT_3D('',#927,#928,#929);
#927 = CARTESIAN_POINT('',(-9.,-52.50299835205,0.4));
#928 = DIRECTION('',(-0.,-2.2E-16,-1.));
#929 = DIRECTION('',(-1.,0.,0.));
#930 = ADVANCED_FACE('',(#931),#951,.T.);
#931 = FACE_BOUND('',#932,.T.);
#932 = EDGE_LOOP('',(#933,#934,#942,#948,#949,#950));
#933 = ORIENTED_EDGE('',*,*,#257,.F.);
#934 = ORIENTED_EDGE('',*,*,#935,.T.);
#935 = EDGE_CURVE('',#250,#936,#938,.T.);
#936 = VERTEX_POINT('',#937);
#937 = CARTESIAN_POINT('',(-3.5,-39.00299835205,0.));
#938 = LINE('',#939,#940);
#939 = CARTESIAN_POINT('',(-24.20821381554,-39.00299835205,0.));
#940 = VECTOR('',#941,1.);
#941 = DIRECTION('',(1.,0.,0.));
#942 = ORIENTED_EDGE('',*,*,#943,.T.);
#943 = EDGE_CURVE('',#936,#755,#944,.T.);
#944 = LINE('',#945,#946);
#945 = CARTESIAN_POINT('',(-3.5,-39.00299835205,1.679143491315));
#946 = VECTOR('',#947,1.);
#947 = DIRECTION('',(0.,0.,1.));
#948 = ORIENTED_EDGE('',*,*,#754,.F.);
#949 = ORIENTED_EDGE('',*,*,#793,.F.);
#950 = ORIENTED_EDGE('',*,*,#175,.F.);
#951 = PLANE('',#952);
#952 = AXIS2_PLACEMENT_3D('',#953,#954,#955);
#953 = CARTESIAN_POINT('',(-7.15,-39.00299835205,1.5));
#954 = DIRECTION('',(0.,1.,0.));
#955 = DIRECTION('',(0.,0.,1.));
#956 = ADVANCED_FACE('',(#957),#976,.T.);
#957 = FACE_BOUND('',#958,.F.);
#958 = EDGE_LOOP('',(#959,#960,#969,#975));
#959 = ORIENTED_EDGE('',*,*,#216,.F.);
#960 = ORIENTED_EDGE('',*,*,#961,.F.);
#961 = EDGE_CURVE('',#962,#209,#964,.T.);
#962 = VERTEX_POINT('',#963);
#963 = CARTESIAN_POINT('',(5.2,-53.00299835205,0.4));
#964 = CIRCLE('',#965,0.5);
#965 = AXIS2_PLACEMENT_3D('',#966,#967,#968);
#966 = CARTESIAN_POINT('',(5.2,-52.50299835205,0.4));
#967 = DIRECTION('',(-1.,0.,0.));
#968 = DIRECTION('',(0.,-1.,1.1E-16));
#969 = ORIENTED_EDGE('',*,*,#970,.T.);
#970 = EDGE_CURVE('',#962,#826,#971,.T.);
#971 = LINE('',#972,#973);
#972 = CARTESIAN_POINT('',(5.7,-53.00299835205,0.4));
#973 = VECTOR('',#974,1.);
#974 = DIRECTION('',(-1.,0.,0.));
#975 = ORIENTED_EDGE('',*,*,#918,.F.);
#976 = CYLINDRICAL_SURFACE('',#977,0.5);
#977 = AXIS2_PLACEMENT_3D('',#978,#979,#980);
#978 = CARTESIAN_POINT('',(5.7,-52.50299835205,0.4));
#979 = DIRECTION('',(-1.,0.,0.));
#980 = DIRECTION('',(0.,2.2E-16,1.));
#981 = ADVANCED_FACE('',(#982),#1023,.T.);
#982 = FACE_BOUND('',#983,.T.);
#983 = EDGE_LOOP('',(#984,#994,#1002,#1010,#1016,#1017));
#984 = ORIENTED_EDGE('',*,*,#985,.F.);
#985 = EDGE_CURVE('',#986,#988,#990,.T.);
#986 = VERTEX_POINT('',#987);
#987 = CARTESIAN_POINT('',(-16.09700012207,-30.00300025939,
    5.007999897003));
#988 = VERTEX_POINT('',#989);
#989 = CARTESIAN_POINT('',(-16.09700012207,-26.,5.007999897003));
#990 = LINE('',#991,#992);
#991 = CARTESIAN_POINT('',(-16.09700012207,-30.00300025939,
    5.007999897003));
#992 = VECTOR('',#993,1.);
#993 = DIRECTION('',(0.,1.,0.));
#994 = ORIENTED_EDGE('',*,*,#995,.F.);
#995 = EDGE_CURVE('',#996,#986,#998,.T.);
#996 = VERTEX_POINT('',#997);
#997 = CARTESIAN_POINT('',(-17.25300025939,-30.00300025939,
    5.007999897003));
#998 = LINE('',#999,#1000);
#999 = CARTESIAN_POINT('',(-20.,-30.00300025939,5.007999897003));
#1000 = VECTOR('',#1001,1.);
#1001 = DIRECTION('',(1.,0.,0.));
#1002 = ORIENTED_EDGE('',*,*,#1003,.T.);
#1003 = EDGE_CURVE('',#996,#1004,#1006,.T.);
#1004 = VERTEX_POINT('',#1005);
#1005 = CARTESIAN_POINT('',(-17.25300025939,-31.00300025939,
    5.007999897003));
#1006 = LINE('',#1007,#1008);
#1007 = CARTESIAN_POINT('',(-17.25300025939,-30.00300025939,
    5.007999897003));
#1008 = VECTOR('',#1009,1.);
#1009 = DIRECTION('',(0.,-1.,2.2E-16));
#1010 = ORIENTED_EDGE('',*,*,#1011,.F.);
#1011 = EDGE_CURVE('',#232,#1004,#1012,.T.);
#1012 = LINE('',#1013,#1014);
#1013 = CARTESIAN_POINT('',(-20.,-31.00300025939,5.007999897003));
#1014 = VECTOR('',#1015,1.);
#1015 = DIRECTION('',(1.,0.,0.));
#1016 = ORIENTED_EDGE('',*,*,#231,.T.);
#1017 = ORIENTED_EDGE('',*,*,#1018,.F.);
#1018 = EDGE_CURVE('',#988,#234,#1019,.T.);
#1019 = LINE('',#1020,#1021);
#1020 = CARTESIAN_POINT('',(-16.09700012207,-26.,5.007999897003));
#1021 = VECTOR('',#1022,1.);
#1022 = DIRECTION('',(-1.,0.,0.));
#1023 = PLANE('',#1024);
#1024 = AXIS2_PLACEMENT_3D('',#1025,#1026,#1027);
#1025 = CARTESIAN_POINT('',(-18.11340013511,-28.43660005562,
    5.007999897003));
#1026 = DIRECTION('',(-0.,-0.,-1.));
#1027 = DIRECTION('',(-1.,0.,0.));
#1028 = ADVANCED_FACE('',(#1029),#1095,.T.);
#1029 = FACE_BOUND('',#1030,.T.);
#1030 = EDGE_LOOP('',(#1031,#1039,#1047,#1055,#1063,#1071,#1079,#1087,
    #1093,#1094));
#1031 = ORIENTED_EDGE('',*,*,#1032,.F.);
#1032 = EDGE_CURVE('',#1033,#698,#1035,.T.);
#1033 = VERTEX_POINT('',#1034);
#1034 = CARTESIAN_POINT('',(-3.5,-26.,6.099999904633));
#1035 = LINE('',#1036,#1037);
#1036 = CARTESIAN_POINT('',(-3.5,-26.,6.099999904633));
#1037 = VECTOR('',#1038,1.);
#1038 = DIRECTION('',(-1.,0.,0.));
#1039 = ORIENTED_EDGE('',*,*,#1040,.T.);
#1040 = EDGE_CURVE('',#1033,#1041,#1043,.T.);
#1041 = VERTEX_POINT('',#1042);
#1042 = CARTESIAN_POINT('',(-3.5,-26.,2.003000020981));
#1043 = LINE('',#1044,#1045);
#1044 = CARTESIAN_POINT('',(-3.5,-26.,6.099999904633));
#1045 = VECTOR('',#1046,1.);
#1046 = DIRECTION('',(0.,0.,-1.));
#1047 = ORIENTED_EDGE('',*,*,#1048,.T.);
#1048 = EDGE_CURVE('',#1041,#1049,#1051,.T.);
#1049 = VERTEX_POINT('',#1050);
#1050 = CARTESIAN_POINT('',(-6.248000144958,-26.,2.003000020981));
#1051 = LINE('',#1052,#1053);
#1052 = CARTESIAN_POINT('',(-3.5,-26.,2.003000020981));
#1053 = VECTOR('',#1054,1.);
#1054 = DIRECTION('',(-1.,0.,0.));
#1055 = ORIENTED_EDGE('',*,*,#1056,.T.);
#1056 = EDGE_CURVE('',#1049,#1057,#1059,.T.);
#1057 = VERTEX_POINT('',#1058);
#1058 = CARTESIAN_POINT('',(-6.248000144958,-26.,4.));
#1059 = LINE('',#1060,#1061);
#1060 = CARTESIAN_POINT('',(-6.248000144958,-26.,2.003000020981));
#1061 = VECTOR('',#1062,1.);
#1062 = DIRECTION('',(0.,0.,1.));
#1063 = ORIENTED_EDGE('',*,*,#1064,.T.);
#1064 = EDGE_CURVE('',#1057,#1065,#1067,.T.);
#1065 = VERTEX_POINT('',#1066);
#1066 = CARTESIAN_POINT('',(-5.248000144958,-26.,4.));
#1067 = LINE('',#1068,#1069);
#1068 = CARTESIAN_POINT('',(-6.248000144958,-26.,4.));
#1069 = VECTOR('',#1070,1.);
#1070 = DIRECTION('',(1.,0.,0.));
#1071 = ORIENTED_EDGE('',*,*,#1072,.T.);
#1072 = EDGE_CURVE('',#1065,#1073,#1075,.T.);
#1073 = VERTEX_POINT('',#1074);
#1074 = CARTESIAN_POINT('',(-5.248000144958,-26.,5.006000041962));
#1075 = LINE('',#1076,#1077);
#1076 = CARTESIAN_POINT('',(-5.248000144958,-26.,4.));
#1077 = VECTOR('',#1078,1.);
#1078 = DIRECTION('',(0.,0.,1.));
#1079 = ORIENTED_EDGE('',*,*,#1080,.T.);
#1080 = EDGE_CURVE('',#1073,#1081,#1083,.T.);
#1081 = VERTEX_POINT('',#1082);
#1082 = CARTESIAN_POINT('',(-16.09700012207,-26.,5.006000041962));
#1083 = LINE('',#1084,#1085);
#1084 = CARTESIAN_POINT('',(-5.248000144958,-26.,5.006000041962));
#1085 = VECTOR('',#1086,1.);
#1086 = DIRECTION('',(-1.,0.,0.));
#1087 = ORIENTED_EDGE('',*,*,#1088,.T.);
#1088 = EDGE_CURVE('',#1081,#988,#1089,.T.);
#1089 = LINE('',#1090,#1091);
#1090 = CARTESIAN_POINT('',(-16.09700012207,-26.,5.006000041962));
#1091 = VECTOR('',#1092,1.);
#1092 = DIRECTION('',(0.,0.,1.));
#1093 = ORIENTED_EDGE('',*,*,#1018,.T.);
#1094 = ORIENTED_EDGE('',*,*,#705,.T.);
#1095 = PLANE('',#1096);
#1096 = AXIS2_PLACEMENT_3D('',#1097,#1098,#1099);
#1097 = CARTESIAN_POINT('',(-10.49253226531,-26.,5.028674145122));
#1098 = DIRECTION('',(0.,1.,0.));
#1099 = DIRECTION('',(0.,0.,1.));
#1100 = ADVANCED_FACE('',(#1101,#1119),#1153,.T.);
#1101 = FACE_BOUND('',#1102,.T.);
#1102 = EDGE_LOOP('',(#1103,#1111,#1117,#1118));
#1103 = ORIENTED_EDGE('',*,*,#1104,.T.);
#1104 = EDGE_CURVE('',#690,#1105,#1107,.T.);
#1105 = VERTEX_POINT('',#1106);
#1106 = CARTESIAN_POINT('',(-3.5,-35.02619934082,6.099999904633));
#1107 = LINE('',#1108,#1109);
#1108 = CARTESIAN_POINT('',(-20.,-35.02619934082,6.099999904633));
#1109 = VECTOR('',#1110,1.);
#1110 = DIRECTION('',(1.,0.,0.));
#1111 = ORIENTED_EDGE('',*,*,#1112,.T.);
#1112 = EDGE_CURVE('',#1105,#1033,#1113,.T.);
#1113 = LINE('',#1114,#1115);
#1114 = CARTESIAN_POINT('',(-3.5,-35.02619934082,6.099999904633));
#1115 = VECTOR('',#1116,1.);
#1116 = DIRECTION('',(0.,1.,0.));
#1117 = ORIENTED_EDGE('',*,*,#1032,.T.);
#1118 = ORIENTED_EDGE('',*,*,#697,.T.);
#1119 = FACE_BOUND('',#1120,.T.);
#1120 = EDGE_LOOP('',(#1121,#1131,#1139,#1147));
#1121 = ORIENTED_EDGE('',*,*,#1122,.T.);
#1122 = EDGE_CURVE('',#1123,#1125,#1127,.T.);
#1123 = VERTEX_POINT('',#1124);
#1124 = CARTESIAN_POINT('',(-10.24800014495,-28.79700088501,
    6.099999904633));
#1125 = VERTEX_POINT('',#1126);
#1126 = CARTESIAN_POINT('',(-10.24800014495,-31.90200042724,
    6.099999904633));
#1127 = LINE('',#1128,#1129);
#1128 = CARTESIAN_POINT('',(-10.24800014495,-28.79700088501,
    6.099999904633));
#1129 = VECTOR('',#1130,1.);
#1130 = DIRECTION('',(0.,-1.,0.));
#1131 = ORIENTED_EDGE('',*,*,#1132,.T.);
#1132 = EDGE_CURVE('',#1125,#1133,#1135,.T.);
#1133 = VERTEX_POINT('',#1134);
#1134 = CARTESIAN_POINT('',(-13.25300025939,-31.90200042724,
    6.099999904633));
#1135 = LINE('',#1136,#1137);
#1136 = CARTESIAN_POINT('',(-10.24800014495,-31.90200042724,
    6.099999904633));
#1137 = VECTOR('',#1138,1.);
#1138 = DIRECTION('',(-1.,0.,0.));
#1139 = ORIENTED_EDGE('',*,*,#1140,.T.);
#1140 = EDGE_CURVE('',#1133,#1141,#1143,.T.);
#1141 = VERTEX_POINT('',#1142);
#1142 = CARTESIAN_POINT('',(-13.25300025939,-28.79700088501,
    6.099999904633));
#1143 = LINE('',#1144,#1145);
#1144 = CARTESIAN_POINT('',(-13.25300025939,-31.90200042724,
    6.099999904633));
#1145 = VECTOR('',#1146,1.);
#1146 = DIRECTION('',(0.,1.,0.));
#1147 = ORIENTED_EDGE('',*,*,#1148,.T.);
#1148 = EDGE_CURVE('',#1141,#1123,#1149,.T.);
#1149 = LINE('',#1150,#1151);
#1150 = CARTESIAN_POINT('',(-13.25300025939,-28.79700088501,
    6.099999904633));
#1151 = VECTOR('',#1152,1.);
#1152 = DIRECTION('',(1.,0.,0.));
#1153 = PLANE('',#1154);
#1154 = AXIS2_PLACEMENT_3D('',#1155,#1156,#1157);
#1155 = CARTESIAN_POINT('',(-11.75,-30.51309967041,6.099999904633));
#1156 = DIRECTION('',(0.,0.,1.));
#1157 = DIRECTION('',(1.,0.,0.));
#1158 = ADVANCED_FACE('',(#1159),#1177,.T.);
#1159 = FACE_BOUND('',#1160,.T.);
#1160 = EDGE_LOOP('',(#1161,#1162,#1163,#1171));
#1161 = ORIENTED_EDGE('',*,*,#1104,.F.);
#1162 = ORIENTED_EDGE('',*,*,#689,.T.);
#1163 = ORIENTED_EDGE('',*,*,#1164,.F.);
#1164 = EDGE_CURVE('',#1165,#682,#1167,.T.);
#1165 = VERTEX_POINT('',#1166);
#1166 = CARTESIAN_POINT('',(-3.5,-35.13899993896,6.092000007629));
#1167 = LINE('',#1168,#1169);
#1168 = CARTESIAN_POINT('',(-3.5,-35.13899993896,6.092000007629));
#1169 = VECTOR('',#1170,1.);
#1170 = DIRECTION('',(-1.,0.,0.));
#1171 = ORIENTED_EDGE('',*,*,#1172,.T.);
#1172 = EDGE_CURVE('',#1165,#1105,#1173,.T.);
#1173 = LINE('',#1174,#1175);
#1174 = CARTESIAN_POINT('',(-3.5,-35.13899993896,6.092000007629));
#1175 = VECTOR('',#1176,1.);
#1176 = DIRECTION('',(0.,0.99749457468,7.07430101429E-02));
#1177 = PLANE('',#1178);
#1178 = AXIS2_PLACEMENT_3D('',#1179,#1180,#1181);
#1179 = CARTESIAN_POINT('',(-11.75,-35.08259963989,6.095999956131));
#1180 = DIRECTION('',(0.,-7.07430101429E-02,0.99749457468));
#1181 = DIRECTION('',(0.,0.99749457468,7.07430101429E-02));
#1182 = ADVANCED_FACE('',(#1183),#1201,.T.);
#1183 = FACE_BOUND('',#1184,.T.);
#1184 = EDGE_LOOP('',(#1185,#1193,#1199,#1200));
#1185 = ORIENTED_EDGE('',*,*,#1186,.T.);
#1186 = EDGE_CURVE('',#674,#1187,#1189,.T.);
#1187 = VERTEX_POINT('',#1188);
#1188 = CARTESIAN_POINT('',(-3.5,-35.19699859619,6.081999778748));
#1189 = LINE('',#1190,#1191);
#1190 = CARTESIAN_POINT('',(-20.,-35.19699859619,6.081999778748));
#1191 = VECTOR('',#1192,1.);
#1192 = DIRECTION('',(1.,0.,0.));
#1193 = ORIENTED_EDGE('',*,*,#1194,.T.);
#1194 = EDGE_CURVE('',#1187,#1165,#1195,.T.);
#1195 = LINE('',#1196,#1197);
#1196 = CARTESIAN_POINT('',(-3.5,-35.19699859619,6.081999778748));
#1197 = VECTOR('',#1198,1.);
#1198 = DIRECTION('',(0.,0.985458805928,0.169914513269));
#1199 = ORIENTED_EDGE('',*,*,#1164,.T.);
#1200 = ORIENTED_EDGE('',*,*,#681,.T.);
#1201 = PLANE('',#1202);
#1202 = AXIS2_PLACEMENT_3D('',#1203,#1204,#1205);
#1203 = CARTESIAN_POINT('',(-11.75,-35.16799926757,6.086999893188));
#1204 = DIRECTION('',(0.,-0.169914513269,0.985458805928));
#1205 = DIRECTION('',(0.,0.985458805928,0.169914513269));
#1206 = ADVANCED_FACE('',(#1207),#1225,.T.);
#1207 = FACE_BOUND('',#1208,.T.);
#1208 = EDGE_LOOP('',(#1209,#1217,#1218,#1219));
#1209 = ORIENTED_EDGE('',*,*,#1210,.T.);
#1210 = EDGE_CURVE('',#1211,#1187,#1213,.T.);
#1211 = VERTEX_POINT('',#1212);
#1212 = CARTESIAN_POINT('',(-3.5,-35.24200057983,6.072000026703));
#1213 = LINE('',#1214,#1215);
#1214 = CARTESIAN_POINT('',(-3.5,-35.24200057983,6.072000026703));
#1215 = VECTOR('',#1216,1.);
#1216 = DIRECTION('',(0.,0.976190224013,0.216916220096));
#1217 = ORIENTED_EDGE('',*,*,#1186,.F.);
#1218 = ORIENTED_EDGE('',*,*,#673,.T.);
#1219 = ORIENTED_EDGE('',*,*,#1220,.T.);
#1220 = EDGE_CURVE('',#666,#1211,#1221,.T.);
#1221 = LINE('',#1222,#1223);
#1222 = CARTESIAN_POINT('',(-20.,-35.24200057983,6.072000026703));
#1223 = VECTOR('',#1224,1.);
#1224 = DIRECTION('',(1.,0.,0.));
#1225 = PLANE('',#1226);
#1226 = AXIS2_PLACEMENT_3D('',#1227,#1228,#1229);
#1227 = CARTESIAN_POINT('',(-11.75,-35.21949958801,6.076999902725));
#1228 = DIRECTION('',(0.,-0.216916220096,0.976190224013));
#1229 = DIRECTION('',(0.,0.976190224013,0.216916220096));
#1230 = ADVANCED_FACE('',(#1231),#1249,.T.);
#1231 = FACE_BOUND('',#1232,.T.);
#1232 = EDGE_LOOP('',(#1233,#1234,#1235,#1243));
#1233 = ORIENTED_EDGE('',*,*,#1220,.F.);
#1234 = ORIENTED_EDGE('',*,*,#665,.T.);
#1235 = ORIENTED_EDGE('',*,*,#1236,.F.);
#1236 = EDGE_CURVE('',#1237,#658,#1239,.T.);
#1237 = VERTEX_POINT('',#1238);
#1238 = CARTESIAN_POINT('',(-3.5,-35.27899932861,6.061999797821));
#1239 = LINE('',#1240,#1241);
#1240 = CARTESIAN_POINT('',(-3.5,-35.27899932861,6.061999797821));
#1241 = VECTOR('',#1242,1.);
#1242 = DIRECTION('',(-1.,0.,0.));
#1243 = ORIENTED_EDGE('',*,*,#1244,.T.);
#1244 = EDGE_CURVE('',#1237,#1211,#1245,.T.);
#1245 = LINE('',#1246,#1247);
#1246 = CARTESIAN_POINT('',(-3.5,-35.27899932861,6.061999797821));
#1247 = VECTOR('',#1248,1.);
#1248 = DIRECTION('',(0.,0.965359666413,0.260922813228));
#1249 = PLANE('',#1250);
#1250 = AXIS2_PLACEMENT_3D('',#1251,#1252,#1253);
#1251 = CARTESIAN_POINT('',(-11.75,-35.26049995422,6.066999912262));
#1252 = DIRECTION('',(0.,-0.260922813228,0.965359666413));
#1253 = DIRECTION('',(0.,0.965359666413,0.260922813228));
#1254 = ADVANCED_FACE('',(#1255),#1273,.T.);
#1255 = FACE_BOUND('',#1256,.T.);
#1256 = EDGE_LOOP('',(#1257,#1265,#1271,#1272));
#1257 = ORIENTED_EDGE('',*,*,#1258,.T.);
#1258 = EDGE_CURVE('',#650,#1259,#1261,.T.);
#1259 = VERTEX_POINT('',#1260);
#1260 = CARTESIAN_POINT('',(-3.5,-35.31100082397,6.052000045776));
#1261 = LINE('',#1262,#1263);
#1262 = CARTESIAN_POINT('',(-20.,-35.31100082397,6.052000045776));
#1263 = VECTOR('',#1264,1.);
#1264 = DIRECTION('',(1.,0.,0.));
#1265 = ORIENTED_EDGE('',*,*,#1266,.T.);
#1266 = EDGE_CURVE('',#1259,#1237,#1267,.T.);
#1267 = LINE('',#1268,#1269);
#1268 = CARTESIAN_POINT('',(-3.5,-35.31100082397,6.052000045776));
#1269 = VECTOR('',#1270,1.);
#1270 = DIRECTION('',(0.,0.954486051411,0.298255557637));
#1271 = ORIENTED_EDGE('',*,*,#1236,.T.);
#1272 = ORIENTED_EDGE('',*,*,#657,.T.);
#1273 = PLANE('',#1274);
#1274 = AXIS2_PLACEMENT_3D('',#1275,#1276,#1277);
#1275 = CARTESIAN_POINT('',(-11.75,-35.29500007629,6.056999921799));
#1276 = DIRECTION('',(0.,-0.298255557637,0.954486051411));
#1277 = DIRECTION('',(0.,0.954486051411,0.298255557637));
#1278 = ADVANCED_FACE('',(#1279),#1297,.T.);
#1279 = FACE_BOUND('',#1280,.T.);
#1280 = EDGE_LOOP('',(#1281,#1289,#1290,#1291));
#1281 = ORIENTED_EDGE('',*,*,#1282,.T.);
#1282 = EDGE_CURVE('',#1283,#1259,#1285,.T.);
#1283 = VERTEX_POINT('',#1284);
#1284 = CARTESIAN_POINT('',(-3.5,-35.34000015258,6.041999816895));
#1285 = LINE('',#1286,#1287);
#1286 = CARTESIAN_POINT('',(-3.5,-35.34000015258,6.041999816895));
#1287 = VECTOR('',#1288,1.);
#1288 = DIRECTION('',(0.,0.945368356106,0.326004097018));
#1289 = ORIENTED_EDGE('',*,*,#1258,.F.);
#1290 = ORIENTED_EDGE('',*,*,#649,.T.);
#1291 = ORIENTED_EDGE('',*,*,#1292,.F.);
#1292 = EDGE_CURVE('',#1283,#642,#1293,.T.);
#1293 = LINE('',#1294,#1295);
#1294 = CARTESIAN_POINT('',(-3.5,-35.34000015258,6.041999816895));
#1295 = VECTOR('',#1296,1.);
#1296 = DIRECTION('',(-1.,0.,0.));
#1297 = PLANE('',#1298);
#1298 = AXIS2_PLACEMENT_3D('',#1299,#1300,#1301);
#1299 = CARTESIAN_POINT('',(-11.75,-35.32550048828,6.046999931335));
#1300 = DIRECTION('',(0.,-0.326004097018,0.945368356106));
#1301 = DIRECTION('',(0.,0.945368356106,0.326004097018));
#1302 = ADVANCED_FACE('',(#1303),#1321,.T.);
#1303 = FACE_BOUND('',#1304,.T.);
#1304 = EDGE_LOOP('',(#1305,#1306,#1307,#1315));
#1305 = ORIENTED_EDGE('',*,*,#1292,.T.);
#1306 = ORIENTED_EDGE('',*,*,#641,.T.);
#1307 = ORIENTED_EDGE('',*,*,#1308,.F.);
#1308 = EDGE_CURVE('',#1309,#634,#1311,.T.);
#1309 = VERTEX_POINT('',#1310);
#1310 = CARTESIAN_POINT('',(-3.5,-35.36700057983,6.03200006485));
#1311 = LINE('',#1312,#1313);
#1312 = CARTESIAN_POINT('',(-3.5,-35.36700057983,6.03200006485));
#1313 = VECTOR('',#1314,1.);
#1314 = DIRECTION('',(-1.,0.,0.));
#1315 = ORIENTED_EDGE('',*,*,#1316,.T.);
#1316 = EDGE_CURVE('',#1309,#1283,#1317,.T.);
#1317 = LINE('',#1318,#1319);
#1318 = CARTESIAN_POINT('',(-3.5,-35.36700057983,6.03200006485));
#1319 = VECTOR('',#1320,1.);
#1320 = DIRECTION('',(0.,0.937753355386,0.347301949982));
#1321 = PLANE('',#1322);
#1322 = AXIS2_PLACEMENT_3D('',#1323,#1324,#1325);
#1323 = CARTESIAN_POINT('',(-11.75,-35.35350036621,6.036999940872));
#1324 = DIRECTION('',(0.,-0.347301949982,0.937753355386));
#1325 = DIRECTION('',(0.,0.937753355386,0.347301949982));
#1326 = ADVANCED_FACE('',(#1327),#1345,.T.);
#1327 = FACE_BOUND('',#1328,.T.);
#1328 = EDGE_LOOP('',(#1329,#1330,#1338,#1344));
#1329 = ORIENTED_EDGE('',*,*,#633,.T.);
#1330 = ORIENTED_EDGE('',*,*,#1331,.T.);
#1331 = EDGE_CURVE('',#626,#1332,#1334,.T.);
#1332 = VERTEX_POINT('',#1333);
#1333 = CARTESIAN_POINT('',(-3.5,-35.39099884033,6.021999835968));
#1334 = LINE('',#1335,#1336);
#1335 = CARTESIAN_POINT('',(-20.,-35.39099884033,6.021999835968));
#1336 = VECTOR('',#1337,1.);
#1337 = DIRECTION('',(1.,0.,0.));
#1338 = ORIENTED_EDGE('',*,*,#1339,.T.);
#1339 = EDGE_CURVE('',#1332,#1309,#1340,.T.);
#1340 = LINE('',#1341,#1342);
#1341 = CARTESIAN_POINT('',(-3.5,-35.39099884033,6.021999835968));
#1342 = VECTOR('',#1343,1.);
#1343 = DIRECTION('',(0.,0.92306389938,0.384646639998));
#1344 = ORIENTED_EDGE('',*,*,#1308,.T.);
#1345 = PLANE('',#1346);
#1346 = AXIS2_PLACEMENT_3D('',#1347,#1348,#1349);
#1347 = CARTESIAN_POINT('',(-11.75,-35.37899971008,6.026999950409));
#1348 = DIRECTION('',(0.,-0.384646639998,0.92306389938));
#1349 = DIRECTION('',(0.,0.92306389938,0.384646639998));
#1350 = ADVANCED_FACE('',(#1351),#1369,.T.);
#1351 = FACE_BOUND('',#1352,.T.);
#1352 = EDGE_LOOP('',(#1353,#1354,#1355,#1363));
#1353 = ORIENTED_EDGE('',*,*,#1331,.F.);
#1354 = ORIENTED_EDGE('',*,*,#625,.T.);
#1355 = ORIENTED_EDGE('',*,*,#1356,.F.);
#1356 = EDGE_CURVE('',#1357,#618,#1359,.T.);
#1357 = VERTEX_POINT('',#1358);
#1358 = CARTESIAN_POINT('',(-3.5,-35.41400146484,6.012000083923));
#1359 = LINE('',#1360,#1361);
#1360 = CARTESIAN_POINT('',(-3.5,-35.41400146484,6.012000083923));
#1361 = VECTOR('',#1362,1.);
#1362 = DIRECTION('',(-1.,0.,0.));
#1363 = ORIENTED_EDGE('',*,*,#1364,.T.);
#1364 = EDGE_CURVE('',#1357,#1332,#1365,.T.);
#1365 = LINE('',#1366,#1367);
#1366 = CARTESIAN_POINT('',(-3.5,-35.41400146484,6.012000083923));
#1367 = VECTOR('',#1368,1.);
#1368 = DIRECTION('',(0.,0.917090305254,0.398679535478));
#1369 = PLANE('',#1370);
#1370 = AXIS2_PLACEMENT_3D('',#1371,#1372,#1373);
#1371 = CARTESIAN_POINT('',(-11.75,-35.40250015258,6.016999959946));
#1372 = DIRECTION('',(0.,-0.398679535478,0.917090305254));
#1373 = DIRECTION('',(0.,0.917090305254,0.398679535478));
#1374 = ADVANCED_FACE('',(#1375),#1393,.T.);
#1375 = FACE_BOUND('',#1376,.T.);
#1376 = EDGE_LOOP('',(#1377,#1378,#1386,#1392));
#1377 = ORIENTED_EDGE('',*,*,#617,.T.);
#1378 = ORIENTED_EDGE('',*,*,#1379,.F.);
#1379 = EDGE_CURVE('',#1380,#610,#1382,.T.);
#1380 = VERTEX_POINT('',#1381);
#1381 = CARTESIAN_POINT('',(-3.5,-35.43600082397,6.001999855042));
#1382 = LINE('',#1383,#1384);
#1383 = CARTESIAN_POINT('',(-3.5,-35.43600082397,6.001999855042));
#1384 = VECTOR('',#1385,1.);
#1385 = DIRECTION('',(-1.,0.,0.));
#1386 = ORIENTED_EDGE('',*,*,#1387,.T.);
#1387 = EDGE_CURVE('',#1380,#1357,#1388,.T.);
#1388 = LINE('',#1389,#1390);
#1389 = CARTESIAN_POINT('',(-3.5,-35.43600082397,6.001999855042));
#1390 = VECTOR('',#1391,1.);
#1391 = DIRECTION('',(0.,0.910358368222,0.413820784167));
#1392 = ORIENTED_EDGE('',*,*,#1356,.T.);
#1393 = PLANE('',#1394);
#1394 = AXIS2_PLACEMENT_3D('',#1395,#1396,#1397);
#1395 = CARTESIAN_POINT('',(-11.75,-35.4250011444,6.006999969482));
#1396 = DIRECTION('',(0.,-0.413820784167,0.910358368222));
#1397 = DIRECTION('',(0.,0.910358368222,0.413820784167));
#1398 = ADVANCED_FACE('',(#1399),#1417,.T.);
#1399 = FACE_BOUND('',#1400,.T.);
#1400 = EDGE_LOOP('',(#1401,#1402,#1410,#1416));
#1401 = ORIENTED_EDGE('',*,*,#609,.T.);
#1402 = ORIENTED_EDGE('',*,*,#1403,.T.);
#1403 = EDGE_CURVE('',#602,#1404,#1406,.T.);
#1404 = VERTEX_POINT('',#1405);
#1405 = CARTESIAN_POINT('',(-3.5,-35.45600128173,5.992000102997));
#1406 = LINE('',#1407,#1408);
#1407 = CARTESIAN_POINT('',(-20.,-35.45600128173,5.992000102997));
#1408 = VECTOR('',#1409,1.);
#1409 = DIRECTION('',(1.,0.,0.));
#1410 = ORIENTED_EDGE('',*,*,#1411,.T.);
#1411 = EDGE_CURVE('',#1404,#1380,#1412,.T.);
#1412 = LINE('',#1413,#1414);
#1413 = CARTESIAN_POINT('',(-3.5,-35.45600128173,5.992000102997));
#1414 = VECTOR('',#1415,1.);
#1415 = DIRECTION('',(0.,0.894435720646,0.447196535802));
#1416 = ORIENTED_EDGE('',*,*,#1379,.T.);
#1417 = PLANE('',#1418);
#1418 = AXIS2_PLACEMENT_3D('',#1419,#1420,#1421);
#1419 = CARTESIAN_POINT('',(-11.75,-35.44600105285,5.996999979019));
#1420 = DIRECTION('',(0.,-0.447196535802,0.894435720646));
#1421 = DIRECTION('',(0.,0.894435720646,0.447196535802));
#1422 = ADVANCED_FACE('',(#1423),#1441,.T.);
#1423 = FACE_BOUND('',#1424,.T.);
#1424 = EDGE_LOOP('',(#1425,#1426,#1427,#1435));
#1425 = ORIENTED_EDGE('',*,*,#1403,.F.);
#1426 = ORIENTED_EDGE('',*,*,#601,.T.);
#1427 = ORIENTED_EDGE('',*,*,#1428,.F.);
#1428 = EDGE_CURVE('',#1429,#594,#1431,.T.);
#1429 = VERTEX_POINT('',#1430);
#1430 = CARTESIAN_POINT('',(-3.5,-35.47499847412,5.981999874115));
#1431 = LINE('',#1432,#1433);
#1432 = CARTESIAN_POINT('',(-3.5,-35.47499847412,5.981999874115));
#1433 = VECTOR('',#1434,1.);
#1434 = DIRECTION('',(-1.,0.,0.));
#1435 = ORIENTED_EDGE('',*,*,#1436,.T.);
#1436 = EDGE_CURVE('',#1429,#1404,#1437,.T.);
#1437 = LINE('',#1438,#1439);
#1438 = CARTESIAN_POINT('',(-3.5,-35.47499847412,5.981999874115));
#1439 = VECTOR('',#1440,1.);
#1440 = DIRECTION('',(0.,0.884885457792,0.465808680241));
#1441 = PLANE('',#1442);
#1442 = AXIS2_PLACEMENT_3D('',#1443,#1444,#1445);
#1443 = CARTESIAN_POINT('',(-11.75,-35.46549987793,5.986999988556));
#1444 = DIRECTION('',(0.,-0.465808680241,0.884885457792));
#1445 = DIRECTION('',(0.,0.884885457792,0.465808680241));
#1446 = ADVANCED_FACE('',(#1447),#1465,.T.);
#1447 = FACE_BOUND('',#1448,.T.);
#1448 = EDGE_LOOP('',(#1449,#1450,#1458,#1464));
#1449 = ORIENTED_EDGE('',*,*,#593,.T.);
#1450 = ORIENTED_EDGE('',*,*,#1451,.T.);
#1451 = EDGE_CURVE('',#586,#1452,#1454,.T.);
#1452 = VERTEX_POINT('',#1453);
#1453 = CARTESIAN_POINT('',(-3.5,-35.49300003051,5.97200012207));
#1454 = LINE('',#1455,#1456);
#1455 = CARTESIAN_POINT('',(-20.,-35.49300003051,5.97200012207));
#1456 = VECTOR('',#1457,1.);
#1457 = DIRECTION('',(1.,0.,0.));
#1458 = ORIENTED_EDGE('',*,*,#1459,.T.);
#1459 = EDGE_CURVE('',#1452,#1429,#1460,.T.);
#1460 = LINE('',#1461,#1462);
#1461 = CARTESIAN_POINT('',(-3.5,-35.49300003051,5.97200012207));
#1462 = VECTOR('',#1463,1.);
#1463 = DIRECTION('',(0.,0.87418021256,0.485601643293));
#1464 = ORIENTED_EDGE('',*,*,#1428,.T.);
#1465 = PLANE('',#1466);
#1466 = AXIS2_PLACEMENT_3D('',#1467,#1468,#1469);
#1467 = CARTESIAN_POINT('',(-11.75,-35.48399925231,5.976999998093));
#1468 = DIRECTION('',(0.,-0.485601643293,0.87418021256));
#1469 = DIRECTION('',(0.,0.87418021256,0.485601643293));
#1470 = ADVANCED_FACE('',(#1471),#1489,.T.);
#1471 = FACE_BOUND('',#1472,.T.);
#1472 = EDGE_LOOP('',(#1473,#1481,#1482,#1483));
#1473 = ORIENTED_EDGE('',*,*,#1474,.T.);
#1474 = EDGE_CURVE('',#1475,#1452,#1477,.T.);
#1475 = VERTEX_POINT('',#1476);
#1476 = CARTESIAN_POINT('',(-3.5,-35.52700042724,5.952000141144));
#1477 = LINE('',#1478,#1479);
#1478 = CARTESIAN_POINT('',(-3.5,-35.52700042724,5.952000141144));
#1479 = VECTOR('',#1480,1.);
#1480 = DIRECTION('',(0.,0.8619370119,0.507015372071));
#1481 = ORIENTED_EDGE('',*,*,#1451,.F.);
#1482 = ORIENTED_EDGE('',*,*,#585,.T.);
#1483 = ORIENTED_EDGE('',*,*,#1484,.T.);
#1484 = EDGE_CURVE('',#578,#1475,#1485,.T.);
#1485 = LINE('',#1486,#1487);
#1486 = CARTESIAN_POINT('',(-20.,-35.52700042724,5.952000141144));
#1487 = VECTOR('',#1488,1.);
#1488 = DIRECTION('',(1.,0.,0.));
#1489 = PLANE('',#1490);
#1490 = AXIS2_PLACEMENT_3D('',#1491,#1492,#1493);
#1491 = CARTESIAN_POINT('',(-11.75,-35.51000022888,5.962000131607));
#1492 = DIRECTION('',(0.,-0.507015372071,0.8619370119));
#1493 = DIRECTION('',(0.,0.8619370119,0.507015372071));
#1494 = ADVANCED_FACE('',(#1495),#1513,.T.);
#1495 = FACE_BOUND('',#1496,.T.);
#1496 = EDGE_LOOP('',(#1497,#1498,#1506,#1512));
#1497 = ORIENTED_EDGE('',*,*,#577,.T.);
#1498 = ORIENTED_EDGE('',*,*,#1499,.F.);
#1499 = EDGE_CURVE('',#1500,#570,#1502,.T.);
#1500 = VERTEX_POINT('',#1501);
#1501 = CARTESIAN_POINT('',(-3.5,-35.54299926757,5.941999912262));
#1502 = LINE('',#1503,#1504);
#1503 = CARTESIAN_POINT('',(-3.5,-35.54299926757,5.941999912262));
#1504 = VECTOR('',#1505,1.);
#1505 = DIRECTION('',(-1.,0.,0.));
#1506 = ORIENTED_EDGE('',*,*,#1507,.T.);
#1507 = EDGE_CURVE('',#1500,#1475,#1508,.T.);
#1508 = LINE('',#1509,#1510);
#1509 = CARTESIAN_POINT('',(-3.5,-35.54299926757,5.941999912262));
#1510 = VECTOR('',#1511,1.);
#1511 = DIRECTION('',(0.,0.847975585497,0.530035287883));
#1512 = ORIENTED_EDGE('',*,*,#1484,.F.);
#1513 = PLANE('',#1514);
#1514 = AXIS2_PLACEMENT_3D('',#1515,#1516,#1517);
#1515 = CARTESIAN_POINT('',(-11.75,-35.53499984741,5.947000026703));
#1516 = DIRECTION('',(0.,-0.530035287883,0.847975585497));
#1517 = DIRECTION('',(0.,0.847975585497,0.530035287883));
#1518 = ADVANCED_FACE('',(#1519),#1537,.T.);
#1519 = FACE_BOUND('',#1520,.T.);
#1520 = EDGE_LOOP('',(#1521,#1522,#1523,#1531));
#1521 = ORIENTED_EDGE('',*,*,#1499,.T.);
#1522 = ORIENTED_EDGE('',*,*,#569,.T.);
#1523 = ORIENTED_EDGE('',*,*,#1524,.F.);
#1524 = EDGE_CURVE('',#1525,#562,#1527,.T.);
#1525 = VERTEX_POINT('',#1526);
#1526 = CARTESIAN_POINT('',(-3.5,-35.57300186157,5.921999931335));
#1527 = LINE('',#1528,#1529);
#1528 = CARTESIAN_POINT('',(-3.5,-35.57300186157,5.921999931335));
#1529 = VECTOR('',#1530,1.);
#1530 = DIRECTION('',(-1.,0.,0.));
#1531 = ORIENTED_EDGE('',*,*,#1532,.T.);
#1532 = EDGE_CURVE('',#1525,#1500,#1533,.T.);
#1533 = LINE('',#1534,#1535);
#1534 = CARTESIAN_POINT('',(-3.5,-35.57300186157,5.921999931335));
#1535 = VECTOR('',#1536,1.);
#1536 = DIRECTION('',(0.,0.832072673238,0.554666626408));
#1537 = PLANE('',#1538);
#1538 = AXIS2_PLACEMENT_3D('',#1539,#1540,#1541);
#1539 = CARTESIAN_POINT('',(-11.75,-35.55800056457,5.931999921799));
#1540 = DIRECTION('',(0.,-0.554666626408,0.832072673238));
#1541 = DIRECTION('',(0.,0.832072673238,0.554666626408));
#1542 = ADVANCED_FACE('',(#1543),#1561,.T.);
#1543 = FACE_BOUND('',#1544,.T.);
#1544 = EDGE_LOOP('',(#1545,#1546,#1554,#1560));
#1545 = ORIENTED_EDGE('',*,*,#561,.T.);
#1546 = ORIENTED_EDGE('',*,*,#1547,.F.);
#1547 = EDGE_CURVE('',#1548,#554,#1550,.T.);
#1548 = VERTEX_POINT('',#1549);
#1549 = CARTESIAN_POINT('',(-3.5,-35.58700180053,5.912000179291));
#1550 = LINE('',#1551,#1552);
#1551 = CARTESIAN_POINT('',(-3.5,-35.58700180053,5.912000179291));
#1552 = VECTOR('',#1553,1.);
#1553 = DIRECTION('',(-1.,0.,0.));
#1554 = ORIENTED_EDGE('',*,*,#1555,.T.);
#1555 = EDGE_CURVE('',#1548,#1525,#1556,.T.);
#1556 = LINE('',#1557,#1558);
#1557 = CARTESIAN_POINT('',(-3.5,-35.58700180053,5.912000179291));
#1558 = VECTOR('',#1559,1.);
#1559 = DIRECTION('',(0.,0.813739089258,0.581230328366));
#1560 = ORIENTED_EDGE('',*,*,#1524,.T.);
#1561 = PLANE('',#1562);
#1562 = AXIS2_PLACEMENT_3D('',#1563,#1564,#1565);
#1563 = CARTESIAN_POINT('',(-11.75,-35.58000183105,5.917000055313));
#1564 = DIRECTION('',(0.,-0.581230328366,0.813739089258));
#1565 = DIRECTION('',(0.,0.813739089258,0.581230328366));
#1566 = ADVANCED_FACE('',(#1567),#1585,.T.);
#1567 = FACE_BOUND('',#1568,.T.);
#1568 = EDGE_LOOP('',(#1569,#1570,#1578,#1584));
#1569 = ORIENTED_EDGE('',*,*,#553,.T.);
#1570 = ORIENTED_EDGE('',*,*,#1571,.T.);
#1571 = EDGE_CURVE('',#546,#1572,#1574,.T.);
#1572 = VERTEX_POINT('',#1573);
#1573 = CARTESIAN_POINT('',(-3.5,-35.6010017395,5.901000022888));
#1574 = LINE('',#1575,#1576);
#1575 = CARTESIAN_POINT('',(-20.,-35.6010017395,5.901000022888));
#1576 = VECTOR('',#1577,1.);
#1577 = DIRECTION('',(1.,0.,0.));
#1578 = ORIENTED_EDGE('',*,*,#1579,.T.);
#1579 = EDGE_CURVE('',#1572,#1548,#1580,.T.);
#1580 = LINE('',#1581,#1582);
#1581 = CARTESIAN_POINT('',(-3.5,-35.6010017395,5.901000022888));
#1582 = VECTOR('',#1583,1.);
#1583 = DIRECTION('',(0.,0.786312762775,0.617828648653));
#1584 = ORIENTED_EDGE('',*,*,#1547,.T.);
#1585 = PLANE('',#1586);
#1586 = AXIS2_PLACEMENT_3D('',#1587,#1588,#1589);
#1587 = CARTESIAN_POINT('',(-11.75,-35.59400177002,5.906500101089));
#1588 = DIRECTION('',(0.,-0.617828648653,0.786312762775));
#1589 = DIRECTION('',(0.,0.786312762775,0.617828648653));
#1590 = ADVANCED_FACE('',(#1591),#1609,.T.);
#1591 = FACE_BOUND('',#1592,.T.);
#1592 = EDGE_LOOP('',(#1593,#1594,#1595,#1603));
#1593 = ORIENTED_EDGE('',*,*,#1571,.F.);
#1594 = ORIENTED_EDGE('',*,*,#545,.T.);
#1595 = ORIENTED_EDGE('',*,*,#1596,.F.);
#1596 = EDGE_CURVE('',#1597,#538,#1599,.T.);
#1597 = VERTEX_POINT('',#1598);
#1598 = CARTESIAN_POINT('',(-3.5,-35.61399841308,5.890999794006));
#1599 = LINE('',#1600,#1601);
#1600 = CARTESIAN_POINT('',(-3.5,-35.61399841308,5.890999794006));
#1601 = VECTOR('',#1602,1.);
#1602 = DIRECTION('',(-1.,0.,0.));
#1603 = ORIENTED_EDGE('',*,*,#1604,.T.);
#1604 = EDGE_CURVE('',#1597,#1572,#1605,.T.);
#1605 = LINE('',#1606,#1607);
#1606 = CARTESIAN_POINT('',(-3.5,-35.61399841308,5.890999794006));
#1607 = VECTOR('',#1608,1.);
#1608 = DIRECTION('',(0.,0.792541829296,0.609817553713));
#1609 = PLANE('',#1610);
#1610 = AXIS2_PLACEMENT_3D('',#1611,#1612,#1613);
#1611 = CARTESIAN_POINT('',(-11.75,-35.60750007629,5.895999908447));
#1612 = DIRECTION('',(0.,-0.609817553713,0.792541829296));
#1613 = DIRECTION('',(0.,0.792541829296,0.609817553713));
#1614 = ADVANCED_FACE('',(#1615),#1633,.T.);
#1615 = FACE_BOUND('',#1616,.T.);
#1616 = EDGE_LOOP('',(#1617,#1618,#1626,#1632));
#1617 = ORIENTED_EDGE('',*,*,#537,.T.);
#1618 = ORIENTED_EDGE('',*,*,#1619,.F.);
#1619 = EDGE_CURVE('',#1620,#530,#1622,.T.);
#1620 = VERTEX_POINT('',#1621);
#1621 = CARTESIAN_POINT('',(-3.5,-35.62599945068,5.881000041962));
#1622 = LINE('',#1623,#1624);
#1623 = CARTESIAN_POINT('',(-3.5,-35.62599945068,5.881000041962));
#1624 = VECTOR('',#1625,1.);
#1625 = DIRECTION('',(-1.,0.,0.));
#1626 = ORIENTED_EDGE('',*,*,#1627,.T.);
#1627 = EDGE_CURVE('',#1620,#1597,#1628,.T.);
#1628 = LINE('',#1629,#1630);
#1629 = CARTESIAN_POINT('',(-3.5,-35.62599945068,5.881000041962));
#1630 = VECTOR('',#1631,1.);
#1631 = DIRECTION('',(0.,0.768256307278,0.64014236411));
#1632 = ORIENTED_EDGE('',*,*,#1596,.T.);
#1633 = PLANE('',#1634);
#1634 = AXIS2_PLACEMENT_3D('',#1635,#1636,#1637);
#1635 = CARTESIAN_POINT('',(-11.75,-35.61999893188,5.885999917984));
#1636 = DIRECTION('',(0.,-0.64014236411,0.768256307278));
#1637 = DIRECTION('',(0.,0.768256307278,0.64014236411));
#1638 = ADVANCED_FACE('',(#1639),#1657,.T.);
#1639 = FACE_BOUND('',#1640,.T.);
#1640 = EDGE_LOOP('',(#1641,#1649,#1655,#1656));
#1641 = ORIENTED_EDGE('',*,*,#1642,.F.);
#1642 = EDGE_CURVE('',#1643,#522,#1645,.T.);
#1643 = VERTEX_POINT('',#1644);
#1644 = CARTESIAN_POINT('',(-3.5,-35.63899993896,5.87099981308));
#1645 = LINE('',#1646,#1647);
#1646 = CARTESIAN_POINT('',(-3.5,-35.63899993896,5.87099981308));
#1647 = VECTOR('',#1648,1.);
#1648 = DIRECTION('',(-1.,0.,0.));
#1649 = ORIENTED_EDGE('',*,*,#1650,.T.);
#1650 = EDGE_CURVE('',#1643,#1620,#1651,.T.);
#1651 = LINE('',#1652,#1653);
#1652 = CARTESIAN_POINT('',(-3.5,-35.63899993896,5.87099981308));
#1653 = VECTOR('',#1654,1.);
#1654 = DIRECTION('',(0.,0.792628312109,0.609705140902));
#1655 = ORIENTED_EDGE('',*,*,#1619,.T.);
#1656 = ORIENTED_EDGE('',*,*,#529,.T.);
#1657 = PLANE('',#1658);
#1658 = AXIS2_PLACEMENT_3D('',#1659,#1660,#1661);
#1659 = CARTESIAN_POINT('',(-11.75,-35.63249969482,5.875999927521));
#1660 = DIRECTION('',(0.,-0.609705140902,0.792628312109));
#1661 = DIRECTION('',(0.,0.792628312109,0.609705140902));
#1662 = ADVANCED_FACE('',(#1663),#1681,.T.);
#1663 = FACE_BOUND('',#1664,.T.);
#1664 = EDGE_LOOP('',(#1665,#1673,#1679,#1680));
#1665 = ORIENTED_EDGE('',*,*,#1666,.T.);
#1666 = EDGE_CURVE('',#514,#1667,#1669,.T.);
#1667 = VERTEX_POINT('',#1668);
#1668 = CARTESIAN_POINT('',(-3.5,-35.65100097656,5.861000061035));
#1669 = LINE('',#1670,#1671);
#1670 = CARTESIAN_POINT('',(-20.,-35.65100097656,5.861000061035));
#1671 = VECTOR('',#1672,1.);
#1672 = DIRECTION('',(1.,0.,0.));
#1673 = ORIENTED_EDGE('',*,*,#1674,.T.);
#1674 = EDGE_CURVE('',#1667,#1643,#1675,.T.);
#1675 = LINE('',#1676,#1677);
#1676 = CARTESIAN_POINT('',(-3.5,-35.65100097656,5.861000061035));
#1677 = VECTOR('',#1678,1.);
#1678 = DIRECTION('',(0.,0.768256307278,0.64014236411));
#1679 = ORIENTED_EDGE('',*,*,#1642,.T.);
#1680 = ORIENTED_EDGE('',*,*,#521,.T.);
#1681 = PLANE('',#1682);
#1682 = AXIS2_PLACEMENT_3D('',#1683,#1684,#1685);
#1683 = CARTESIAN_POINT('',(-11.75,-35.64500045776,5.865999937057));
#1684 = DIRECTION('',(0.,-0.64014236411,0.768256307278));
#1685 = DIRECTION('',(0.,0.768256307278,0.64014236411));
#1686 = ADVANCED_FACE('',(#1687),#1705,.T.);
#1687 = FACE_BOUND('',#1688,.T.);
#1688 = EDGE_LOOP('',(#1689,#1690,#1691,#1699));
#1689 = ORIENTED_EDGE('',*,*,#1666,.F.);
#1690 = ORIENTED_EDGE('',*,*,#513,.T.);
#1691 = ORIENTED_EDGE('',*,*,#1692,.F.);
#1692 = EDGE_CURVE('',#1693,#506,#1695,.T.);
#1693 = VERTEX_POINT('',#1694);
#1694 = CARTESIAN_POINT('',(-3.5,-35.69499969482,5.821000099182));
#1695 = LINE('',#1696,#1697);
#1696 = CARTESIAN_POINT('',(-3.5,-35.69499969482,5.821000099182));
#1697 = VECTOR('',#1698,1.);
#1698 = DIRECTION('',(-1.,0.,0.));
#1699 = ORIENTED_EDGE('',*,*,#1700,.T.);
#1700 = EDGE_CURVE('',#1693,#1667,#1701,.T.);
#1701 = LINE('',#1702,#1703);
#1702 = CARTESIAN_POINT('',(-3.5,-35.69499969482,5.821000099182));
#1703 = VECTOR('',#1704,1.);
#1704 = DIRECTION('',(0.,0.739930639187,0.67268317148));
#1705 = PLANE('',#1706);
#1706 = AXIS2_PLACEMENT_3D('',#1707,#1708,#1709);
#1707 = CARTESIAN_POINT('',(-11.75,-35.67300033569,5.841000080109));
#1708 = DIRECTION('',(0.,-0.67268317148,0.739930639187));
#1709 = DIRECTION('',(0.,0.739930639187,0.67268317148));
#1710 = ADVANCED_FACE('',(#1711),#1729,.T.);
#1711 = FACE_BOUND('',#1712,.T.);
#1712 = EDGE_LOOP('',(#1713,#1721,#1727,#1728));
#1713 = ORIENTED_EDGE('',*,*,#1714,.F.);
#1714 = EDGE_CURVE('',#1715,#498,#1717,.T.);
#1715 = VERTEX_POINT('',#1716);
#1716 = CARTESIAN_POINT('',(-3.5,-35.72499847412,5.790999889374));
#1717 = LINE('',#1718,#1719);
#1718 = CARTESIAN_POINT('',(-3.5,-35.72499847412,5.790999889374));
#1719 = VECTOR('',#1720,1.);
#1720 = DIRECTION('',(-1.,0.,0.));
#1721 = ORIENTED_EDGE('',*,*,#1722,.T.);
#1722 = EDGE_CURVE('',#1715,#1693,#1723,.T.);
#1723 = LINE('',#1724,#1725);
#1724 = CARTESIAN_POINT('',(-3.5,-35.72499847412,5.790999889374));
#1725 = VECTOR('',#1726,1.);
#1726 = DIRECTION('',(0.,0.707089921962,0.707123640009));
#1727 = ORIENTED_EDGE('',*,*,#1692,.T.);
#1728 = ORIENTED_EDGE('',*,*,#505,.T.);
#1729 = PLANE('',#1730);
#1730 = AXIS2_PLACEMENT_3D('',#1731,#1732,#1733);
#1731 = CARTESIAN_POINT('',(-11.75,-35.70999908447,5.805999994278));
#1732 = DIRECTION('',(0.,-0.707123640009,0.707089921962));
#1733 = DIRECTION('',(0.,-0.707089921962,-0.707123640009));
#1734 = ADVANCED_FACE('',(#1735),#1753,.T.);
#1735 = FACE_BOUND('',#1736,.T.);
#1736 = EDGE_LOOP('',(#1737,#1738,#1739,#1747));
#1737 = ORIENTED_EDGE('',*,*,#1714,.T.);
#1738 = ORIENTED_EDGE('',*,*,#497,.T.);
#1739 = ORIENTED_EDGE('',*,*,#1740,.T.);
#1740 = EDGE_CURVE('',#490,#1741,#1743,.T.);
#1741 = VERTEX_POINT('',#1742);
#1742 = CARTESIAN_POINT('',(-3.5,-35.73400115966,5.781000137329));
#1743 = LINE('',#1744,#1745);
#1744 = CARTESIAN_POINT('',(-20.,-35.73400115966,5.781000137329));
#1745 = VECTOR('',#1746,1.);
#1746 = DIRECTION('',(1.,0.,0.));
#1747 = ORIENTED_EDGE('',*,*,#1748,.T.);
#1748 = EDGE_CURVE('',#1741,#1715,#1749,.T.);
#1749 = LINE('',#1750,#1751);
#1750 = CARTESIAN_POINT('',(-3.5,-35.73400115966,5.781000137329));
#1751 = VECTOR('',#1752,1.);
#1752 = DIRECTION('',(0.,0.669084157547,0.743186645547));
#1753 = PLANE('',#1754);
#1754 = AXIS2_PLACEMENT_3D('',#1755,#1756,#1757);
#1755 = CARTESIAN_POINT('',(-11.75,-35.72949981689,5.786000013351));
#1756 = DIRECTION('',(0.,-0.743186645547,0.669084157547));
#1757 = DIRECTION('',(0.,-0.669084157547,-0.743186645547));
#1758 = ADVANCED_FACE('',(#1759),#1777,.T.);
#1759 = FACE_BOUND('',#1760,.T.);
#1760 = EDGE_LOOP('',(#1761,#1769,#1770,#1771));
#1761 = ORIENTED_EDGE('',*,*,#1762,.T.);
#1762 = EDGE_CURVE('',#1763,#1741,#1765,.T.);
#1763 = VERTEX_POINT('',#1764);
#1764 = CARTESIAN_POINT('',(-3.5,-35.7439994812,5.770999908447));
#1765 = LINE('',#1766,#1767);
#1766 = CARTESIAN_POINT('',(-3.5,-35.7439994812,5.770999908447));
#1767 = VECTOR('',#1768,1.);
#1768 = DIRECTION('',(0.,0.707039338125,0.707174217816));
#1769 = ORIENTED_EDGE('',*,*,#1740,.F.);
#1770 = ORIENTED_EDGE('',*,*,#489,.T.);
#1771 = ORIENTED_EDGE('',*,*,#1772,.T.);
#1772 = EDGE_CURVE('',#482,#1763,#1773,.T.);
#1773 = LINE('',#1774,#1775);
#1774 = CARTESIAN_POINT('',(-20.,-35.7439994812,5.770999908447));
#1775 = VECTOR('',#1776,1.);
#1776 = DIRECTION('',(1.,0.,0.));
#1777 = PLANE('',#1778);
#1778 = AXIS2_PLACEMENT_3D('',#1779,#1780,#1781);
#1779 = CARTESIAN_POINT('',(-11.75,-35.73900032043,5.776000022888));
#1780 = DIRECTION('',(0.,-0.707174217816,0.707039338125));
#1781 = DIRECTION('',(0.,-0.707039338125,-0.707174217816));
#1782 = ADVANCED_FACE('',(#1783),#1801,.T.);
#1783 = FACE_BOUND('',#1784,.T.);
#1784 = EDGE_LOOP('',(#1785,#1786,#1787,#1795));
#1785 = ORIENTED_EDGE('',*,*,#1772,.F.);
#1786 = ORIENTED_EDGE('',*,*,#481,.T.);
#1787 = ORIENTED_EDGE('',*,*,#1788,.F.);
#1788 = EDGE_CURVE('',#1789,#474,#1791,.T.);
#1789 = VERTEX_POINT('',#1790);
#1790 = CARTESIAN_POINT('',(-3.5,-35.75299835205,5.761000156403));
#1791 = LINE('',#1792,#1793);
#1792 = CARTESIAN_POINT('',(-3.5,-35.75299835205,5.761000156403));
#1793 = VECTOR('',#1794,1.);
#1794 = DIRECTION('',(-1.,0.,0.));
#1795 = ORIENTED_EDGE('',*,*,#1796,.T.);
#1796 = EDGE_CURVE('',#1789,#1763,#1797,.T.);
#1797 = LINE('',#1798,#1799);
#1798 = CARTESIAN_POINT('',(-3.5,-35.75299835205,5.761000156403));
#1799 = VECTOR('',#1800,1.);
#1800 = DIRECTION('',(0.,0.668927522798,0.743327632503));
#1801 = PLANE('',#1802);
#1802 = AXIS2_PLACEMENT_3D('',#1803,#1804,#1805);
#1803 = CARTESIAN_POINT('',(-11.75,-35.74849891662,5.766000032425));
#1804 = DIRECTION('',(0.,-0.743327632503,0.668927522798));
#1805 = DIRECTION('',(0.,-0.668927522798,-0.743327632503));
#1806 = ADVANCED_FACE('',(#1807),#1825,.T.);
#1807 = FACE_BOUND('',#1808,.T.);
#1808 = EDGE_LOOP('',(#1809,#1810,#1818,#1824));
#1809 = ORIENTED_EDGE('',*,*,#473,.T.);
#1810 = ORIENTED_EDGE('',*,*,#1811,.T.);
#1811 = EDGE_CURVE('',#466,#1812,#1814,.T.);
#1812 = VERTEX_POINT('',#1813);
#1813 = CARTESIAN_POINT('',(-3.5,-35.76100158691,5.750999927521));
#1814 = LINE('',#1815,#1816);
#1815 = CARTESIAN_POINT('',(-20.,-35.76100158691,5.750999927521));
#1816 = VECTOR('',#1817,1.);
#1817 = DIRECTION('',(1.,0.,0.));
#1818 = ORIENTED_EDGE('',*,*,#1819,.T.);
#1819 = EDGE_CURVE('',#1812,#1789,#1820,.T.);
#1820 = LINE('',#1821,#1822);
#1821 = CARTESIAN_POINT('',(-3.5,-35.76100158691,5.750999927521));
#1822 = VECTOR('',#1823,1.);
#1823 = DIRECTION('',(0.,0.624840318037,0.780752570893));
#1824 = ORIENTED_EDGE('',*,*,#1788,.T.);
#1825 = PLANE('',#1826);
#1826 = AXIS2_PLACEMENT_3D('',#1827,#1828,#1829);
#1827 = CARTESIAN_POINT('',(-11.75,-35.75699996948,5.756000041962));
#1828 = DIRECTION('',(0.,-0.780752570893,0.624840318037));
#1829 = DIRECTION('',(0.,-0.624840318037,-0.780752570893));
#1830 = ADVANCED_FACE('',(#1831),#1849,.T.);
#1831 = FACE_BOUND('',#1832,.T.);
#1832 = EDGE_LOOP('',(#1833,#1841,#1842,#1843));
#1833 = ORIENTED_EDGE('',*,*,#1834,.T.);
#1834 = EDGE_CURVE('',#1835,#1812,#1837,.T.);
#1835 = VERTEX_POINT('',#1836);
#1836 = CARTESIAN_POINT('',(-3.5,-35.77000045776,5.741000175476));
#1837 = LINE('',#1838,#1839);
#1838 = CARTESIAN_POINT('',(-3.5,-35.77000045776,5.741000175476));
#1839 = VECTOR('',#1840,1.);
#1840 = DIRECTION('',(0.,0.668927522798,0.743327632503));
#1841 = ORIENTED_EDGE('',*,*,#1811,.F.);
#1842 = ORIENTED_EDGE('',*,*,#465,.T.);
#1843 = ORIENTED_EDGE('',*,*,#1844,.F.);
#1844 = EDGE_CURVE('',#1835,#458,#1845,.T.);
#1845 = LINE('',#1846,#1847);
#1846 = CARTESIAN_POINT('',(-3.5,-35.77000045776,5.741000175476));
#1847 = VECTOR('',#1848,1.);
#1848 = DIRECTION('',(-1.,0.,0.));
#1849 = PLANE('',#1850);
#1850 = AXIS2_PLACEMENT_3D('',#1851,#1852,#1853);
#1851 = CARTESIAN_POINT('',(-11.75,-35.76550102233,5.746000051498));
#1852 = DIRECTION('',(0.,-0.743327632503,0.668927522798));
#1853 = DIRECTION('',(0.,-0.668927522798,-0.743327632503));
#1854 = ADVANCED_FACE('',(#1855),#1873,.T.);
#1855 = FACE_BOUND('',#1856,.T.);
#1856 = EDGE_LOOP('',(#1857,#1858,#1866,#1872));
#1857 = ORIENTED_EDGE('',*,*,#457,.T.);
#1858 = ORIENTED_EDGE('',*,*,#1859,.T.);
#1859 = EDGE_CURVE('',#450,#1860,#1862,.T.);
#1860 = VERTEX_POINT('',#1861);
#1861 = CARTESIAN_POINT('',(-3.5,-35.79399871826,5.710999965668));
#1862 = LINE('',#1863,#1864);
#1863 = CARTESIAN_POINT('',(-20.,-35.79399871826,5.710999965668));
#1864 = VECTOR('',#1865,1.);
#1865 = DIRECTION('',(1.,0.,0.));
#1866 = ORIENTED_EDGE('',*,*,#1867,.T.);
#1867 = EDGE_CURVE('',#1860,#1835,#1868,.T.);
#1868 = LINE('',#1869,#1870);
#1869 = CARTESIAN_POINT('',(-3.5,-35.79399871826,5.710999965668));
#1870 = VECTOR('',#1871,1.);
#1871 = DIRECTION('',(0.,0.624664774223,0.780893027146));
#1872 = ORIENTED_EDGE('',*,*,#1844,.T.);
#1873 = PLANE('',#1874);
#1874 = AXIS2_PLACEMENT_3D('',#1875,#1876,#1877);
#1875 = CARTESIAN_POINT('',(-11.75,-35.78199958801,5.726000070572));
#1876 = DIRECTION('',(0.,-0.780893027146,0.624664774223));
#1877 = DIRECTION('',(0.,-0.624664774223,-0.780893027146));
#1878 = ADVANCED_FACE('',(#1879),#1897,.T.);
#1879 = FACE_BOUND('',#1880,.T.);
#1880 = EDGE_LOOP('',(#1881,#1882,#1883,#1891));
#1881 = ORIENTED_EDGE('',*,*,#1859,.F.);
#1882 = ORIENTED_EDGE('',*,*,#449,.T.);
#1883 = ORIENTED_EDGE('',*,*,#1884,.T.);
#1884 = EDGE_CURVE('',#442,#1885,#1887,.T.);
#1885 = VERTEX_POINT('',#1886);
#1886 = CARTESIAN_POINT('',(-3.5,-35.80199813842,5.699999809265));
#1887 = LINE('',#1888,#1889);
#1888 = CARTESIAN_POINT('',(-20.,-35.80199813842,5.699999809265));
#1889 = VECTOR('',#1890,1.);
#1890 = DIRECTION('',(1.,0.,0.));
#1891 = ORIENTED_EDGE('',*,*,#1892,.T.);
#1892 = EDGE_CURVE('',#1885,#1860,#1893,.T.);
#1893 = LINE('',#1894,#1895);
#1894 = CARTESIAN_POINT('',(-3.5,-35.80199813842,5.699999809265));
#1895 = VECTOR('',#1896,1.);
#1896 = DIRECTION('',(0.,0.588138344397,0.808760340181));
#1897 = PLANE('',#1898);
#1898 = AXIS2_PLACEMENT_3D('',#1899,#1900,#1901);
#1899 = CARTESIAN_POINT('',(-11.75,-35.79799842834,5.705499887466));
#1900 = DIRECTION('',(0.,-0.808760340181,0.588138344397));
#1901 = DIRECTION('',(0.,-0.588138344397,-0.808760340181));
#1902 = ADVANCED_FACE('',(#1903),#1921,.T.);
#1903 = FACE_BOUND('',#1904,.T.);
#1904 = EDGE_LOOP('',(#1905,#1906,#1907,#1915));
#1905 = ORIENTED_EDGE('',*,*,#1884,.F.);
#1906 = ORIENTED_EDGE('',*,*,#441,.T.);
#1907 = ORIENTED_EDGE('',*,*,#1908,.T.);
#1908 = EDGE_CURVE('',#434,#1909,#1911,.T.);
#1909 = VERTEX_POINT('',#1910);
#1910 = CARTESIAN_POINT('',(-3.5,-35.83700180053,5.650000095367));
#1911 = LINE('',#1912,#1913);
#1912 = CARTESIAN_POINT('',(-20.,-35.83700180053,5.650000095367));
#1913 = VECTOR('',#1914,1.);
#1914 = DIRECTION('',(1.,0.,0.));
#1915 = ORIENTED_EDGE('',*,*,#1916,.T.);
#1916 = EDGE_CURVE('',#1909,#1885,#1917,.T.);
#1917 = LINE('',#1918,#1919);
#1918 = CARTESIAN_POINT('',(-3.5,-35.83700180053,5.650000095367));
#1919 = VECTOR('',#1920,1.);
#1920 = DIRECTION('',(0.,0.573504814587,0.819202189722));
#1921 = PLANE('',#1922);
#1922 = AXIS2_PLACEMENT_3D('',#1923,#1924,#1925);
#1923 = CARTESIAN_POINT('',(-11.75,-35.81949996948,5.674999952316));
#1924 = DIRECTION('',(0.,-0.819202189722,0.573504814587));
#1925 = DIRECTION('',(0.,-0.573504814587,-0.819202189722));
#1926 = ADVANCED_FACE('',(#1927),#1945,.T.);
#1927 = FACE_BOUND('',#1928,.T.);
#1928 = EDGE_LOOP('',(#1929,#1930,#1931,#1939));
#1929 = ORIENTED_EDGE('',*,*,#1908,.F.);
#1930 = ORIENTED_EDGE('',*,*,#433,.T.);
#1931 = ORIENTED_EDGE('',*,*,#1932,.F.);
#1932 = EDGE_CURVE('',#1933,#426,#1935,.T.);
#1933 = VERTEX_POINT('',#1934);
#1934 = CARTESIAN_POINT('',(-3.5,-35.84299850463,5.639999866486));
#1935 = LINE('',#1936,#1937);
#1936 = CARTESIAN_POINT('',(-3.5,-35.84299850463,5.639999866486));
#1937 = VECTOR('',#1938,1.);
#1938 = DIRECTION('',(-1.,0.,0.));
#1939 = ORIENTED_EDGE('',*,*,#1940,.T.);
#1940 = EDGE_CURVE('',#1933,#1909,#1941,.T.);
#1941 = LINE('',#1942,#1943);
#1942 = CARTESIAN_POINT('',(-3.5,-35.84299850463,5.639999866486));
#1943 = VECTOR('',#1944,1.);
#1944 = DIRECTION('',(0.,0.514279242941,0.857622796036));
#1945 = PLANE('',#1946);
#1946 = AXIS2_PLACEMENT_3D('',#1947,#1948,#1949);
#1947 = CARTESIAN_POINT('',(-11.75,-35.84000015258,5.644999980927));
#1948 = DIRECTION('',(0.,-0.857622796036,0.514279242941));
#1949 = DIRECTION('',(0.,-0.514279242941,-0.857622796036));
#1950 = ADVANCED_FACE('',(#1951),#1969,.T.);
#1951 = FACE_BOUND('',#1952,.T.);
#1952 = EDGE_LOOP('',(#1953,#1961,#1967,#1968));
#1953 = ORIENTED_EDGE('',*,*,#1954,.T.);
#1954 = EDGE_CURVE('',#418,#1955,#1957,.T.);
#1955 = VERTEX_POINT('',#1956);
#1956 = CARTESIAN_POINT('',(-3.5,-35.84999847412,5.630000114441));
#1957 = LINE('',#1958,#1959);
#1958 = CARTESIAN_POINT('',(-20.,-35.84999847412,5.630000114441));
#1959 = VECTOR('',#1960,1.);
#1960 = DIRECTION('',(1.,0.,0.));
#1961 = ORIENTED_EDGE('',*,*,#1962,.T.);
#1962 = EDGE_CURVE('',#1955,#1933,#1963,.T.);
#1963 = LINE('',#1964,#1965);
#1964 = CARTESIAN_POINT('',(-3.5,-35.84999847412,5.630000114441));
#1965 = VECTOR('',#1966,1.);
#1966 = DIRECTION('',(0.,0.573470209718,0.819226414714));
#1967 = ORIENTED_EDGE('',*,*,#1932,.T.);
#1968 = ORIENTED_EDGE('',*,*,#425,.T.);
#1969 = PLANE('',#1970);
#1970 = AXIS2_PLACEMENT_3D('',#1971,#1972,#1973);
#1971 = CARTESIAN_POINT('',(-11.75,-35.84649848938,5.634999990463));
#1972 = DIRECTION('',(0.,-0.819226414714,0.573470209718));
#1973 = DIRECTION('',(0.,-0.573470209718,-0.819226414714));
#1974 = ADVANCED_FACE('',(#1975),#1993,.T.);
#1975 = FACE_BOUND('',#1976,.T.);
#1976 = EDGE_LOOP('',(#1977,#1978,#1979,#1987));
#1977 = ORIENTED_EDGE('',*,*,#1954,.F.);
#1978 = ORIENTED_EDGE('',*,*,#417,.T.);
#1979 = ORIENTED_EDGE('',*,*,#1980,.F.);
#1980 = EDGE_CURVE('',#1981,#410,#1983,.T.);
#1981 = VERTEX_POINT('',#1982);
#1982 = CARTESIAN_POINT('',(-3.5,-35.87400054931,5.590000152588));
#1983 = LINE('',#1984,#1985);
#1984 = CARTESIAN_POINT('',(-3.5,-35.87400054931,5.590000152588));
#1985 = VECTOR('',#1986,1.);
#1986 = DIRECTION('',(-1.,0.,0.));
#1987 = ORIENTED_EDGE('',*,*,#1988,.T.);
#1988 = EDGE_CURVE('',#1981,#1955,#1989,.T.);
#1989 = LINE('',#1990,#1991);
#1990 = CARTESIAN_POINT('',(-3.5,-35.87400054931,5.590000152588));
#1991 = VECTOR('',#1992,1.);
#1992 = DIRECTION('',(0.,0.514528825851,0.857473082591));
#1993 = PLANE('',#1994);
#1994 = AXIS2_PLACEMENT_3D('',#1995,#1996,#1997);
#1995 = CARTESIAN_POINT('',(-11.75,-35.86199951171,5.610000133514));
#1996 = DIRECTION('',(0.,-0.857473082591,0.514528825851));
#1997 = DIRECTION('',(0.,-0.514528825851,-0.857473082591));
#1998 = ADVANCED_FACE('',(#1999),#2017,.T.);
#1999 = FACE_BOUND('',#2000,.T.);
#2000 = EDGE_LOOP('',(#2001,#2009,#2015,#2016));
#2001 = ORIENTED_EDGE('',*,*,#2002,.T.);
#2002 = EDGE_CURVE('',#402,#2003,#2005,.T.);
#2003 = VERTEX_POINT('',#2004);
#2004 = CARTESIAN_POINT('',(-3.5,-35.87900161743,5.579999923706));
#2005 = LINE('',#2006,#2007);
#2006 = CARTESIAN_POINT('',(-20.,-35.87900161743,5.579999923706));
#2007 = VECTOR('',#2008,1.);
#2008 = DIRECTION('',(1.,0.,0.));
#2009 = ORIENTED_EDGE('',*,*,#2010,.T.);
#2010 = EDGE_CURVE('',#2003,#1981,#2011,.T.);
#2011 = LINE('',#2012,#2013);
#2012 = CARTESIAN_POINT('',(-3.5,-35.87900161743,5.579999923706));
#2013 = VECTOR('',#2014,1.);
#2014 = DIRECTION('',(0.,0.447281829413,0.89439307079));
#2015 = ORIENTED_EDGE('',*,*,#1980,.T.);
#2016 = ORIENTED_EDGE('',*,*,#409,.T.);
#2017 = PLANE('',#2018);
#2018 = AXIS2_PLACEMENT_3D('',#2019,#2020,#2021);
#2019 = CARTESIAN_POINT('',(-11.75,-35.87650108337,5.585000038147));
#2020 = DIRECTION('',(0.,-0.89439307079,0.447281829413));
#2021 = DIRECTION('',(0.,-0.447281829413,-0.89439307079));
#2022 = ADVANCED_FACE('',(#2023),#2041,.T.);
#2023 = FACE_BOUND('',#2024,.T.);
#2024 = EDGE_LOOP('',(#2025,#2026,#2027,#2035));
#2025 = ORIENTED_EDGE('',*,*,#2002,.F.);
#2026 = ORIENTED_EDGE('',*,*,#401,.T.);
#2027 = ORIENTED_EDGE('',*,*,#2028,.T.);
#2028 = EDGE_CURVE('',#394,#2029,#2031,.T.);
#2029 = VERTEX_POINT('',#2030);
#2030 = CARTESIAN_POINT('',(-3.5,-35.88499832153,5.570000171661));
#2031 = LINE('',#2032,#2033);
#2032 = CARTESIAN_POINT('',(-20.,-35.88499832153,5.570000171661));
#2033 = VECTOR('',#2034,1.);
#2034 = DIRECTION('',(1.,0.,0.));
#2035 = ORIENTED_EDGE('',*,*,#2036,.T.);
#2036 = EDGE_CURVE('',#2029,#2003,#2037,.T.);
#2037 = LINE('',#2038,#2039);
#2038 = CARTESIAN_POINT('',(-3.5,-35.88499832153,5.570000171661));
#2039 = VECTOR('',#2040,1.);
#2040 = DIRECTION('',(0.,0.514297279939,0.857611979771));
#2041 = PLANE('',#2042);
#2042 = AXIS2_PLACEMENT_3D('',#2043,#2044,#2045);
#2043 = CARTESIAN_POINT('',(-11.75,-35.88199996948,5.575000047684));
#2044 = DIRECTION('',(0.,-0.857611979771,0.514297279939));
#2045 = DIRECTION('',(0.,-0.514297279939,-0.857611979771));
#2046 = ADVANCED_FACE('',(#2047),#2065,.T.);
#2047 = FACE_BOUND('',#2048,.T.);
#2048 = EDGE_LOOP('',(#2049,#2050,#2051,#2059));
#2049 = ORIENTED_EDGE('',*,*,#2028,.F.);
#2050 = ORIENTED_EDGE('',*,*,#393,.T.);
#2051 = ORIENTED_EDGE('',*,*,#2052,.T.);
#2052 = EDGE_CURVE('',#386,#2053,#2055,.T.);
#2053 = VERTEX_POINT('',#2054);
#2054 = CARTESIAN_POINT('',(-3.5,-35.90999984741,5.519999980927));
#2055 = LINE('',#2056,#2057);
#2056 = CARTESIAN_POINT('',(-20.,-35.90999984741,5.519999980927));
#2057 = VECTOR('',#2058,1.);
#2058 = DIRECTION('',(1.,0.,0.));
#2059 = ORIENTED_EDGE('',*,*,#2060,.T.);
#2060 = EDGE_CURVE('',#2053,#2029,#2061,.T.);
#2061 = LINE('',#2062,#2063);
#2062 = CARTESIAN_POINT('',(-3.5,-35.90999984741,5.519999980927));
#2063 = VECTOR('',#2064,1.);
#2064 = DIRECTION('',(0.,0.447234066884,0.894416955015));
#2065 = PLANE('',#2066);
#2066 = AXIS2_PLACEMENT_3D('',#2067,#2068,#2069);
#2067 = CARTESIAN_POINT('',(-11.75,-35.89749908447,5.545000076294));
#2068 = DIRECTION('',(0.,-0.894416955015,0.447234066884));
#2069 = DIRECTION('',(0.,-0.447234066884,-0.894416955015));
#2070 = ADVANCED_FACE('',(#2071),#2089,.T.);
#2071 = FACE_BOUND('',#2072,.T.);
#2072 = EDGE_LOOP('',(#2073,#2074,#2075,#2083));
#2073 = ORIENTED_EDGE('',*,*,#2052,.F.);
#2074 = ORIENTED_EDGE('',*,*,#385,.T.);
#2075 = ORIENTED_EDGE('',*,*,#2076,.T.);
#2076 = EDGE_CURVE('',#378,#2077,#2079,.T.);
#2077 = VERTEX_POINT('',#2078);
#2078 = CARTESIAN_POINT('',(-3.5,-35.91400146484,5.510000228882));
#2079 = LINE('',#2080,#2081);
#2080 = CARTESIAN_POINT('',(-20.,-35.91400146484,5.510000228882));
#2081 = VECTOR('',#2082,1.);
#2082 = DIRECTION('',(1.,0.,0.));
#2083 = ORIENTED_EDGE('',*,*,#2084,.T.);
#2084 = EDGE_CURVE('',#2077,#2053,#2085,.T.);
#2085 = LINE('',#2086,#2087);
#2086 = CARTESIAN_POINT('',(-3.5,-35.91400146484,5.510000228882));
#2087 = VECTOR('',#2088,1.);
#2088 = DIRECTION('',(0.,0.371528067204,0.928421722753));
#2089 = PLANE('',#2090);
#2090 = AXIS2_PLACEMENT_3D('',#2091,#2092,#2093);
#2091 = CARTESIAN_POINT('',(-11.75,-35.91200065612,5.515000104904));
#2092 = DIRECTION('',(0.,-0.928421722753,0.371528067204));
#2093 = DIRECTION('',(0.,-0.371528067204,-0.928421722753));
#2094 = ADVANCED_FACE('',(#2095),#2113,.T.);
#2095 = FACE_BOUND('',#2096,.T.);
#2096 = EDGE_LOOP('',(#2097,#2098,#2099,#2107));
#2097 = ORIENTED_EDGE('',*,*,#2076,.F.);
#2098 = ORIENTED_EDGE('',*,*,#377,.T.);
#2099 = ORIENTED_EDGE('',*,*,#2100,.F.);
#2100 = EDGE_CURVE('',#2101,#370,#2103,.T.);
#2101 = VERTEX_POINT('',#2102);
#2102 = CARTESIAN_POINT('',(-3.5,-35.91899871826,5.499000072479));
#2103 = LINE('',#2104,#2105);
#2104 = CARTESIAN_POINT('',(-3.5,-35.91899871826,5.499000072479));
#2105 = VECTOR('',#2106,1.);
#2106 = DIRECTION('',(-1.,0.,0.));
#2107 = ORIENTED_EDGE('',*,*,#2108,.T.);
#2108 = EDGE_CURVE('',#2101,#2077,#2109,.T.);
#2109 = LINE('',#2110,#2111);
#2110 = CARTESIAN_POINT('',(-3.5,-35.91899871826,5.499000072479));
#2111 = VECTOR('',#2112,1.);
#2112 = DIRECTION('',(0.,0.413609656908,0.910454310612));
#2113 = PLANE('',#2114);
#2114 = AXIS2_PLACEMENT_3D('',#2115,#2116,#2117);
#2115 = CARTESIAN_POINT('',(-11.75,-35.91650009155,5.504500150681));
#2116 = DIRECTION('',(0.,-0.910454310612,0.413609656908));
#2117 = DIRECTION('',(0.,-0.413609656908,-0.910454310612));
#2118 = ADVANCED_FACE('',(#2119),#2137,.T.);
#2119 = FACE_BOUND('',#2120,.T.);
#2120 = EDGE_LOOP('',(#2121,#2122,#2130,#2136));
#2121 = ORIENTED_EDGE('',*,*,#369,.T.);
#2122 = ORIENTED_EDGE('',*,*,#2123,.F.);
#2123 = EDGE_CURVE('',#2124,#362,#2126,.T.);
#2124 = VERTEX_POINT('',#2125);
#2125 = CARTESIAN_POINT('',(-3.5,-35.94300079345,5.4390001297));
#2126 = LINE('',#2127,#2128);
#2127 = CARTESIAN_POINT('',(-3.5,-35.94300079345,5.4390001297));
#2128 = VECTOR('',#2129,1.);
#2129 = DIRECTION('',(-1.,0.,0.));
#2130 = ORIENTED_EDGE('',*,*,#2131,.T.);
#2131 = EDGE_CURVE('',#2124,#2101,#2132,.T.);
#2132 = LINE('',#2133,#2134);
#2133 = CARTESIAN_POINT('',(-3.5,-35.94300079345,5.4390001297));
#2134 = VECTOR('',#2135,1.);
#2135 = DIRECTION('',(0.,0.371418664691,0.928465495061));
#2136 = ORIENTED_EDGE('',*,*,#2100,.T.);
#2137 = PLANE('',#2138);
#2138 = AXIS2_PLACEMENT_3D('',#2139,#2140,#2141);
#2139 = CARTESIAN_POINT('',(-11.75,-35.93099975585,5.469000101089));
#2140 = DIRECTION('',(0.,-0.928465495061,0.371418664691));
#2141 = DIRECTION('',(0.,-0.371418664691,-0.928465495061));
#2142 = ADVANCED_FACE('',(#2143),#2161,.T.);
#2143 = FACE_BOUND('',#2144,.T.);
#2144 = EDGE_LOOP('',(#2145,#2146,#2147,#2155));
#2145 = ORIENTED_EDGE('',*,*,#2123,.T.);
#2146 = ORIENTED_EDGE('',*,*,#361,.T.);
#2147 = ORIENTED_EDGE('',*,*,#2148,.F.);
#2148 = EDGE_CURVE('',#2149,#354,#2151,.T.);
#2149 = VERTEX_POINT('',#2150);
#2150 = CARTESIAN_POINT('',(-3.5,-35.9459991455,5.428999900818));
#2151 = LINE('',#2152,#2153);
#2152 = CARTESIAN_POINT('',(-3.5,-35.9459991455,5.428999900818));
#2153 = VECTOR('',#2154,1.);
#2154 = DIRECTION('',(-1.,0.,0.));
#2155 = ORIENTED_EDGE('',*,*,#2156,.T.);
#2156 = EDGE_CURVE('',#2149,#2124,#2157,.T.);
#2157 = LINE('',#2158,#2159);
#2158 = CARTESIAN_POINT('',(-3.5,-35.9459991455,5.428999900818));
#2159 = VECTOR('',#2160,1.);
#2160 = DIRECTION('',(0.,0.287197032661,0.957871528145));
#2161 = PLANE('',#2162);
#2162 = AXIS2_PLACEMENT_3D('',#2163,#2164,#2165);
#2163 = CARTESIAN_POINT('',(-11.75,-35.94449996948,5.434000015259));
#2164 = DIRECTION('',(0.,-0.957871528145,0.287197032661));
#2165 = DIRECTION('',(0.,-0.287197032661,-0.957871528145));
#2166 = ADVANCED_FACE('',(#2167),#2185,.T.);
#2167 = FACE_BOUND('',#2168,.T.);
#2168 = EDGE_LOOP('',(#2169,#2177,#2183,#2184));
#2169 = ORIENTED_EDGE('',*,*,#2170,.T.);
#2170 = EDGE_CURVE('',#346,#2171,#2173,.T.);
#2171 = VERTEX_POINT('',#2172);
#2172 = CARTESIAN_POINT('',(-3.5,-35.95000076293,5.419000148773));
#2173 = LINE('',#2174,#2175);
#2174 = CARTESIAN_POINT('',(-20.,-35.95000076293,5.419000148773));
#2175 = VECTOR('',#2176,1.);
#2176 = DIRECTION('',(1.,0.,0.));
#2177 = ORIENTED_EDGE('',*,*,#2178,.T.);
#2178 = EDGE_CURVE('',#2171,#2149,#2179,.T.);
#2179 = LINE('',#2180,#2181);
#2180 = CARTESIAN_POINT('',(-3.5,-35.95000076293,5.419000148773));
#2181 = VECTOR('',#2182,1.);
#2182 = DIRECTION('',(0.,0.371528067204,0.928421722753));
#2183 = ORIENTED_EDGE('',*,*,#2148,.T.);
#2184 = ORIENTED_EDGE('',*,*,#353,.T.);
#2185 = PLANE('',#2186);
#2186 = AXIS2_PLACEMENT_3D('',#2187,#2188,#2189);
#2187 = CARTESIAN_POINT('',(-11.75,-35.94799995422,5.424000024796));
#2188 = DIRECTION('',(0.,-0.928421722753,0.371528067204));
#2189 = DIRECTION('',(0.,-0.371528067204,-0.928421722753));
#2190 = ADVANCED_FACE('',(#2191),#2209,.T.);
#2191 = FACE_BOUND('',#2192,.T.);
#2192 = EDGE_LOOP('',(#2193,#2194,#2195,#2203));
#2193 = ORIENTED_EDGE('',*,*,#2170,.F.);
#2194 = ORIENTED_EDGE('',*,*,#345,.T.);
#2195 = ORIENTED_EDGE('',*,*,#2196,.F.);
#2196 = EDGE_CURVE('',#2197,#338,#2199,.T.);
#2197 = VERTEX_POINT('',#2198);
#2198 = CARTESIAN_POINT('',(-3.5,-35.97100067138,5.348999977112));
#2199 = LINE('',#2200,#2201);
#2200 = CARTESIAN_POINT('',(-3.5,-35.97100067138,5.348999977112));
#2201 = VECTOR('',#2202,1.);
#2202 = DIRECTION('',(-1.,0.,0.));
#2203 = ORIENTED_EDGE('',*,*,#2204,.T.);
#2204 = EDGE_CURVE('',#2197,#2171,#2205,.T.);
#2205 = LINE('',#2206,#2207);
#2206 = CARTESIAN_POINT('',(-3.5,-35.97100067138,5.348999977112));
#2207 = VECTOR('',#2208,1.);
#2208 = DIRECTION('',(0.,0.287346089787,0.957826823953));
#2209 = PLANE('',#2210);
#2210 = AXIS2_PLACEMENT_3D('',#2211,#2212,#2213);
#2211 = CARTESIAN_POINT('',(-11.75,-35.96050071716,5.384000062943));
#2212 = DIRECTION('',(0.,-0.957826823953,0.287346089787));
#2213 = DIRECTION('',(0.,-0.287346089787,-0.957826823953));
#2214 = ADVANCED_FACE('',(#2215),#2233,.T.);
#2215 = FACE_BOUND('',#2216,.T.);
#2216 = EDGE_LOOP('',(#2217,#2225,#2231,#2232));
#2217 = ORIENTED_EDGE('',*,*,#2218,.T.);
#2218 = EDGE_CURVE('',#330,#2219,#2221,.T.);
#2219 = VERTEX_POINT('',#2220);
#2220 = CARTESIAN_POINT('',(-3.5,-35.97299957275,5.339000225067));
#2221 = LINE('',#2222,#2223);
#2222 = CARTESIAN_POINT('',(-20.,-35.97299957275,5.339000225067));
#2223 = VECTOR('',#2224,1.);
#2224 = DIRECTION('',(1.,0.,0.));
#2225 = ORIENTED_EDGE('',*,*,#2226,.T.);
#2226 = EDGE_CURVE('',#2219,#2197,#2227,.T.);
#2227 = LINE('',#2228,#2229);
#2228 = CARTESIAN_POINT('',(-3.5,-35.97299957275,5.339000225067));
#2229 = VECTOR('',#2230,1.);
#2230 = DIRECTION('',(0.,0.196017219109,0.980600453708));
#2231 = ORIENTED_EDGE('',*,*,#2196,.T.);
#2232 = ORIENTED_EDGE('',*,*,#337,.T.);
#2233 = PLANE('',#2234);
#2234 = AXIS2_PLACEMENT_3D('',#2235,#2236,#2237);
#2235 = CARTESIAN_POINT('',(-11.75,-35.97200012207,5.344000101089));
#2236 = DIRECTION('',(0.,-0.980600453708,0.196017219109));
#2237 = DIRECTION('',(0.,-0.196017219109,-0.980600453708));
#2238 = ADVANCED_FACE('',(#2239),#2257,.T.);
#2239 = FACE_BOUND('',#2240,.T.);
#2240 = EDGE_LOOP('',(#2241,#2249,#2250,#2251));
#2241 = ORIENTED_EDGE('',*,*,#2242,.T.);
#2242 = EDGE_CURVE('',#2243,#2219,#2245,.T.);
#2243 = VERTEX_POINT('',#2244);
#2244 = CARTESIAN_POINT('',(-3.5,-35.9760017395,5.328999996185));
#2245 = LINE('',#2246,#2247);
#2246 = CARTESIAN_POINT('',(-3.5,-35.9760017395,5.328999996185));
#2247 = VECTOR('',#2248,1.);
#2248 = DIRECTION('',(0.,0.287532232304,0.957770961862));
#2249 = ORIENTED_EDGE('',*,*,#2218,.F.);
#2250 = ORIENTED_EDGE('',*,*,#329,.T.);
#2251 = ORIENTED_EDGE('',*,*,#2252,.F.);
#2252 = EDGE_CURVE('',#2243,#322,#2253,.T.);
#2253 = LINE('',#2254,#2255);
#2254 = CARTESIAN_POINT('',(-3.5,-35.9760017395,5.328999996185));
#2255 = VECTOR('',#2256,1.);
#2256 = DIRECTION('',(-1.,0.,0.));
#2257 = PLANE('',#2258);
#2258 = AXIS2_PLACEMENT_3D('',#2259,#2260,#2261);
#2259 = CARTESIAN_POINT('',(-11.75,-35.97450065612,5.334000110626));
#2260 = DIRECTION('',(0.,-0.957770961862,0.287532232304));
#2261 = DIRECTION('',(0.,-0.287532232304,-0.957770961862));
#2262 = ADVANCED_FACE('',(#2263),#2281,.T.);
#2263 = FACE_BOUND('',#2264,.T.);
#2264 = EDGE_LOOP('',(#2265,#2273,#2279,#2280));
#2265 = ORIENTED_EDGE('',*,*,#2266,.T.);
#2266 = EDGE_CURVE('',#314,#2267,#2269,.T.);
#2267 = VERTEX_POINT('',#2268);
#2268 = CARTESIAN_POINT('',(-3.5,-35.97999954223,5.309000015259));
#2269 = LINE('',#2270,#2271);
#2270 = CARTESIAN_POINT('',(-20.,-35.97999954223,5.309000015259));
#2271 = VECTOR('',#2272,1.);
#2272 = DIRECTION('',(1.,0.,0.));
#2273 = ORIENTED_EDGE('',*,*,#2274,.T.);
#2274 = EDGE_CURVE('',#2267,#2243,#2275,.T.);
#2275 = LINE('',#2276,#2277);
#2276 = CARTESIAN_POINT('',(-3.5,-35.97999954223,5.309000015259));
#2277 = VECTOR('',#2278,1.);
#2278 = DIRECTION('',(0.,0.19601272525,0.980601351998));
#2279 = ORIENTED_EDGE('',*,*,#2252,.T.);
#2280 = ORIENTED_EDGE('',*,*,#321,.T.);
#2281 = PLANE('',#2282);
#2282 = AXIS2_PLACEMENT_3D('',#2283,#2284,#2285);
#2283 = CARTESIAN_POINT('',(-11.75,-35.97800064086,5.319000005722));
#2284 = DIRECTION('',(0.,-0.980601351998,0.19601272525));
#2285 = DIRECTION('',(0.,-0.19601272525,-0.980601351998));
#2286 = ADVANCED_FACE('',(#2287),#2305,.T.);
#2287 = FACE_BOUND('',#2288,.T.);
#2288 = EDGE_LOOP('',(#2289,#2290,#2291,#2299));
#2289 = ORIENTED_EDGE('',*,*,#2266,.F.);
#2290 = ORIENTED_EDGE('',*,*,#313,.T.);
#2291 = ORIENTED_EDGE('',*,*,#2292,.F.);
#2292 = EDGE_CURVE('',#2293,#306,#2295,.T.);
#2293 = VERTEX_POINT('',#2294);
#2294 = CARTESIAN_POINT('',(-3.5,-35.9819984436,5.297999858856));
#2295 = LINE('',#2296,#2297);
#2296 = CARTESIAN_POINT('',(-3.5,-35.9819984436,5.297999858856));
#2297 = VECTOR('',#2298,1.);
#2298 = DIRECTION('',(-1.,0.,0.));
#2299 = ORIENTED_EDGE('',*,*,#2300,.T.);
#2300 = EDGE_CURVE('',#2293,#2267,#2301,.T.);
#2301 = LINE('',#2302,#2303);
#2302 = CARTESIAN_POINT('',(-3.5,-35.9819984436,5.297999858856));
#2303 = VECTOR('',#2304,1.);
#2304 = DIRECTION('',(0.,0.178787854636,0.983887647567));
#2305 = PLANE('',#2306);
#2306 = AXIS2_PLACEMENT_3D('',#2307,#2308,#2309);
#2307 = CARTESIAN_POINT('',(-11.75,-35.98099899292,5.303499937057));
#2308 = DIRECTION('',(0.,-0.983887647567,0.178787854636));
#2309 = DIRECTION('',(0.,-0.178787854636,-0.983887647567));
#2310 = ADVANCED_FACE('',(#2311),#2329,.T.);
#2311 = FACE_BOUND('',#2312,.T.);
#2312 = EDGE_LOOP('',(#2313,#2321,#2327,#2328));
#2313 = ORIENTED_EDGE('',*,*,#2314,.F.);
#2314 = EDGE_CURVE('',#2315,#298,#2317,.T.);
#2315 = VERTEX_POINT('',#2316);
#2316 = CARTESIAN_POINT('',(-3.5,-35.99000167846,5.257999897003));
#2317 = LINE('',#2318,#2319);
#2318 = CARTESIAN_POINT('',(-3.5,-35.99000167846,5.257999897003));
#2319 = VECTOR('',#2320,1.);
#2320 = DIRECTION('',(-1.,0.,0.));
#2321 = ORIENTED_EDGE('',*,*,#2322,.T.);
#2322 = EDGE_CURVE('',#2315,#2293,#2323,.T.);
#2323 = LINE('',#2324,#2325);
#2324 = CARTESIAN_POINT('',(-3.5,-35.99000167846,5.257999897003));
#2325 = VECTOR('',#2326,1.);
#2326 = DIRECTION('',(0.,0.196192564329,0.980565386755));
#2327 = ORIENTED_EDGE('',*,*,#2292,.T.);
#2328 = ORIENTED_EDGE('',*,*,#305,.T.);
#2329 = PLANE('',#2330);
#2330 = AXIS2_PLACEMENT_3D('',#2331,#2332,#2333);
#2331 = CARTESIAN_POINT('',(-11.75,-35.98600006103,5.27799987793));
#2332 = DIRECTION('',(0.,-0.980565386755,0.196192564329));
#2333 = DIRECTION('',(0.,-0.196192564329,-0.980565386755));
#2334 = ADVANCED_FACE('',(#2335),#2353,.T.);
#2335 = FACE_BOUND('',#2336,.T.);
#2336 = EDGE_LOOP('',(#2337,#2345,#2351,#2352));
#2337 = ORIENTED_EDGE('',*,*,#2338,.F.);
#2338 = EDGE_CURVE('',#2339,#290,#2341,.T.);
#2339 = VERTEX_POINT('',#2340);
#2340 = CARTESIAN_POINT('',(-3.5,-35.99100112915,5.248000144958));
#2341 = LINE('',#2342,#2343);
#2342 = CARTESIAN_POINT('',(-3.5,-35.99100112915,5.248000144958));
#2343 = VECTOR('',#2344,1.);
#2344 = DIRECTION('',(-1.,0.,0.));
#2345 = ORIENTED_EDGE('',*,*,#2346,.T.);
#2346 = EDGE_CURVE('',#2339,#2315,#2347,.T.);
#2347 = LINE('',#2348,#2349);
#2348 = CARTESIAN_POINT('',(-3.5,-35.99100112915,5.248000144958));
#2349 = VECTOR('',#2350,1.);
#2350 = DIRECTION('',(0.,9.945204230976E-02,0.995042356526));
#2351 = ORIENTED_EDGE('',*,*,#2314,.T.);
#2352 = ORIENTED_EDGE('',*,*,#297,.T.);
#2353 = PLANE('',#2354);
#2354 = AXIS2_PLACEMENT_3D('',#2355,#2356,#2357);
#2355 = CARTESIAN_POINT('',(-11.75,-35.9905014038,5.253000020981));
#2356 = DIRECTION('',(0.,-0.995042356526,9.945204230976E-02));
#2357 = DIRECTION('',(0.,-9.945204230976E-02,-0.995042356526));
#2358 = ADVANCED_FACE('',(#2359),#2377,.T.);
#2359 = FACE_BOUND('',#2360,.T.);
#2360 = EDGE_LOOP('',(#2361,#2362,#2370,#2376));
#2361 = ORIENTED_EDGE('',*,*,#289,.T.);
#2362 = ORIENTED_EDGE('',*,*,#2363,.F.);
#2363 = EDGE_CURVE('',#2364,#282,#2366,.T.);
#2364 = VERTEX_POINT('',#2365);
#2365 = CARTESIAN_POINT('',(-3.5,-35.99300003051,5.237999916077));
#2366 = LINE('',#2367,#2368);
#2367 = CARTESIAN_POINT('',(-3.5,-35.99300003051,5.237999916077));
#2368 = VECTOR('',#2369,1.);
#2369 = DIRECTION('',(-1.,0.,0.));
#2370 = ORIENTED_EDGE('',*,*,#2371,.T.);
#2371 = EDGE_CURVE('',#2364,#2339,#2372,.T.);
#2372 = LINE('',#2373,#2374);
#2373 = CARTESIAN_POINT('',(-3.5,-35.99300003051,5.237999916077));
#2374 = VECTOR('',#2375,1.);
#2375 = DIRECTION('',(0.,0.196008231592,0.980602250226));
#2376 = ORIENTED_EDGE('',*,*,#2338,.T.);
#2377 = PLANE('',#2378);
#2378 = AXIS2_PLACEMENT_3D('',#2379,#2380,#2381);
#2379 = CARTESIAN_POINT('',(-11.75,-35.99200057983,5.243000030518));
#2380 = DIRECTION('',(0.,-0.980602250226,0.196008231592));
#2381 = DIRECTION('',(0.,-0.196008231592,-0.980602250226));
#2382 = ADVANCED_FACE('',(#2383),#2401,.T.);
#2383 = FACE_BOUND('',#2384,.T.);
#2384 = EDGE_LOOP('',(#2385,#2393,#2399,#2400));
#2385 = ORIENTED_EDGE('',*,*,#2386,.F.);
#2386 = EDGE_CURVE('',#2387,#274,#2389,.T.);
#2387 = VERTEX_POINT('',#2388);
#2388 = CARTESIAN_POINT('',(-3.5,-36.,5.168000221252));
#2389 = LINE('',#2390,#2391);
#2390 = CARTESIAN_POINT('',(-3.5,-36.,5.168000221252));
#2391 = VECTOR('',#2392,1.);
#2392 = DIRECTION('',(-1.,0.,0.));
#2393 = ORIENTED_EDGE('',*,*,#2394,.T.);
#2394 = EDGE_CURVE('',#2387,#2364,#2395,.T.);
#2395 = LINE('',#2396,#2397);
#2396 = CARTESIAN_POINT('',(-3.5,-36.,5.168000221252));
#2397 = VECTOR('',#2398,1.);
#2398 = DIRECTION('',(0.,9.9503719021E-02,0.99503719021));
#2399 = ORIENTED_EDGE('',*,*,#2363,.T.);
#2400 = ORIENTED_EDGE('',*,*,#281,.T.);
#2401 = PLANE('',#2402);
#2402 = AXIS2_PLACEMENT_3D('',#2403,#2404,#2405);
#2403 = CARTESIAN_POINT('',(-11.75,-35.99650001525,5.203000068665));
#2404 = DIRECTION('',(0.,-0.99503719021,9.9503719021E-02));
#2405 = DIRECTION('',(0.,-9.9503719021E-02,-0.99503719021));
#2406 = ADVANCED_FACE('',(#2407),#2418,.T.);
#2407 = FACE_BOUND('',#2408,.T.);
#2408 = EDGE_LOOP('',(#2409,#2410,#2416,#2417));
#2409 = ORIENTED_EDGE('',*,*,#770,.F.);
#2410 = ORIENTED_EDGE('',*,*,#2411,.T.);
#2411 = EDGE_CURVE('',#763,#2387,#2412,.T.);
#2412 = LINE('',#2413,#2414);
#2413 = CARTESIAN_POINT('',(-3.5,-36.,5.));
#2414 = VECTOR('',#2415,1.);
#2415 = DIRECTION('',(0.,0.,1.));
#2416 = ORIENTED_EDGE('',*,*,#2386,.T.);
#2417 = ORIENTED_EDGE('',*,*,#273,.T.);
#2418 = PLANE('',#2419);
#2419 = AXIS2_PLACEMENT_3D('',#2420,#2421,#2422);
#2420 = CARTESIAN_POINT('',(-11.75,-36.,5.084000110626));
#2421 = DIRECTION('',(-0.,-1.,-0.));
#2422 = DIRECTION('',(0.,0.,-1.));
#2423 = ADVANCED_FACE('',(#2424),#2474,.T.);
#2424 = FACE_BOUND('',#2425,.T.);
#2425 = EDGE_LOOP('',(#2426,#2436,#2444,#2452,#2460,#2466,#2467,#2468));
#2426 = ORIENTED_EDGE('',*,*,#2427,.T.);
#2427 = EDGE_CURVE('',#2428,#2430,#2432,.T.);
#2428 = VERTEX_POINT('',#2429);
#2429 = CARTESIAN_POINT('',(-17.25300025939,-31.00300025939,0.));
#2430 = VERTEX_POINT('',#2431);
#2431 = CARTESIAN_POINT('',(-17.25300025939,-35.00299835205,0.));
#2432 = LINE('',#2433,#2434);
#2433 = CARTESIAN_POINT('',(-17.25300025939,-30.00300025939,0.));
#2434 = VECTOR('',#2435,1.);
#2435 = DIRECTION('',(0.,-1.,0.));
#2436 = ORIENTED_EDGE('',*,*,#2437,.T.);
#2437 = EDGE_CURVE('',#2430,#2438,#2440,.T.);
#2438 = VERTEX_POINT('',#2439);
#2439 = CARTESIAN_POINT('',(-6.248000144958,-35.00299835205,0.));
#2440 = LINE('',#2441,#2442);
#2441 = CARTESIAN_POINT('',(-17.25300025939,-35.00299835205,0.));
#2442 = VECTOR('',#2443,1.);
#2443 = DIRECTION('',(1.,0.,0.));
#2444 = ORIENTED_EDGE('',*,*,#2445,.T.);
#2445 = EDGE_CURVE('',#2438,#2446,#2448,.T.);
#2446 = VERTEX_POINT('',#2447);
#2447 = CARTESIAN_POINT('',(-6.248000144958,-37.50299835205,1.E-15));
#2448 = LINE('',#2449,#2450);
#2449 = CARTESIAN_POINT('',(-6.248000144958,-35.00299835205,0.));
#2450 = VECTOR('',#2451,1.);
#2451 = DIRECTION('',(0.,-1.,2.2E-16));
#2452 = ORIENTED_EDGE('',*,*,#2453,.F.);
#2453 = EDGE_CURVE('',#2454,#2446,#2456,.T.);
#2454 = VERTEX_POINT('',#2455);
#2455 = CARTESIAN_POINT('',(-3.5,-37.50299835205,1.E-15));
#2456 = LINE('',#2457,#2458);
#2457 = CARTESIAN_POINT('',(-3.5,-37.50299835205,1.E-15));
#2458 = VECTOR('',#2459,1.);
#2459 = DIRECTION('',(-1.,0.,0.));
#2460 = ORIENTED_EDGE('',*,*,#2461,.T.);
#2461 = EDGE_CURVE('',#2454,#936,#2462,.T.);
#2462 = LINE('',#2463,#2464);
#2463 = CARTESIAN_POINT('',(-3.5,-35.00299835205,0.));
#2464 = VECTOR('',#2465,1.);
#2465 = DIRECTION('',(0.,-1.,0.));
#2466 = ORIENTED_EDGE('',*,*,#935,.F.);
#2467 = ORIENTED_EDGE('',*,*,#249,.F.);
#2468 = ORIENTED_EDGE('',*,*,#2469,.F.);
#2469 = EDGE_CURVE('',#2428,#242,#2470,.T.);
#2470 = LINE('',#2471,#2472);
#2471 = CARTESIAN_POINT('',(-17.25300025939,-31.00300025939,0.));
#2472 = VECTOR('',#2473,1.);
#2473 = DIRECTION('',(-1.,0.,0.));
#2474 = PLANE('',#2475);
#2475 = AXIS2_PLACEMENT_3D('',#2476,#2477,#2478);
#2476 = CARTESIAN_POINT('',(-10.99678979709,-39.04679074779,0.));
#2477 = DIRECTION('',(-0.,-0.,-1.));
#2478 = DIRECTION('',(-1.,0.,0.));
#2479 = ADVANCED_FACE('',(#2480),#2523,.T.);
#2480 = FACE_BOUND('',#2481,.T.);
#2481 = EDGE_LOOP('',(#2482,#2492,#2498,#2499,#2500,#2501,#2509,#2517));
#2482 = ORIENTED_EDGE('',*,*,#2483,.F.);
#2483 = EDGE_CURVE('',#2484,#2486,#2488,.T.);
#2484 = VERTEX_POINT('',#2485);
#2485 = CARTESIAN_POINT('',(-17.25300025939,-31.00300025939,4.));
#2486 = VERTEX_POINT('',#2487);
#2487 = CARTESIAN_POINT('',(-18.25200080871,-31.00300025939,4.));
#2488 = LINE('',#2489,#2490);
#2489 = CARTESIAN_POINT('',(-14.74351872461,-31.00300025939,4.));
#2490 = VECTOR('',#2491,1.);
#2491 = DIRECTION('',(-1.,0.,0.));
#2492 = ORIENTED_EDGE('',*,*,#2493,.T.);
#2493 = EDGE_CURVE('',#2484,#2428,#2494,.T.);
#2494 = LINE('',#2495,#2496);
#2495 = CARTESIAN_POINT('',(-17.25300025939,-31.00300025939,
    5.007999897003));
#2496 = VECTOR('',#2497,1.);
#2497 = DIRECTION('',(0.,0.,-1.));
#2498 = ORIENTED_EDGE('',*,*,#2469,.T.);
#2499 = ORIENTED_EDGE('',*,*,#241,.T.);
#2500 = ORIENTED_EDGE('',*,*,#1011,.T.);
#2501 = ORIENTED_EDGE('',*,*,#2502,.T.);
#2502 = EDGE_CURVE('',#1004,#2503,#2505,.T.);
#2503 = VERTEX_POINT('',#2504);
#2504 = CARTESIAN_POINT('',(-17.25300025939,-31.00300025939,
    5.006000041962));
#2505 = LINE('',#2506,#2507);
#2506 = CARTESIAN_POINT('',(-17.25300025939,-31.00300025939,
    5.007999897003));
#2507 = VECTOR('',#2508,1.);
#2508 = DIRECTION('',(0.,0.,-1.));
#2509 = ORIENTED_EDGE('',*,*,#2510,.F.);
#2510 = EDGE_CURVE('',#2511,#2503,#2513,.T.);
#2511 = VERTEX_POINT('',#2512);
#2512 = CARTESIAN_POINT('',(-18.25200080871,-31.00300025939,
    5.006000041962));
#2513 = LINE('',#2514,#2515);
#2514 = CARTESIAN_POINT('',(-15.09026234801,-31.00300025939,
    5.006000041962));
#2515 = VECTOR('',#2516,1.);
#2516 = DIRECTION('',(1.,0.,0.));
#2517 = ORIENTED_EDGE('',*,*,#2518,.F.);
#2518 = EDGE_CURVE('',#2486,#2511,#2519,.T.);
#2519 = LINE('',#2520,#2521);
#2520 = CARTESIAN_POINT('',(-18.25200080871,-31.00300025939,
    3.503499984741));
#2521 = VECTOR('',#2522,1.);
#2522 = DIRECTION('',(0.,0.,1.));
#2523 = PLANE('',#2524);
#2524 = AXIS2_PLACEMENT_3D('',#2525,#2526,#2527);
#2525 = CARTESIAN_POINT('',(-18.6265001297,-31.00300025939,
    2.503999948502));
#2526 = DIRECTION('',(0.,1.,0.));
#2527 = DIRECTION('',(0.,0.,1.));
#2528 = ADVANCED_FACE('',(#2529),#2540,.T.);
#2529 = FACE_BOUND('',#2530,.T.);
#2530 = EDGE_LOOP('',(#2531,#2538,#2539));
#2531 = ORIENTED_EDGE('',*,*,#2532,.F.);
#2532 = EDGE_CURVE('',#722,#962,#2533,.T.);
#2533 = CIRCLE('',#2534,0.5);
#2534 = AXIS2_PLACEMENT_3D('',#2535,#2536,#2537);
#2535 = CARTESIAN_POINT('',(5.2,-52.50299835205,0.4));
#2536 = DIRECTION('',(-0.,-1.1E-16,-1.));
#2537 = DIRECTION('',(0.,-1.,1.1E-16));
#2538 = ORIENTED_EDGE('',*,*,#721,.T.);
#2539 = ORIENTED_EDGE('',*,*,#961,.F.);
#2540 = SPHERICAL_SURFACE('',#2541,0.5);
#2541 = AXIS2_PLACEMENT_3D('',#2542,#2543,#2544);
#2542 = CARTESIAN_POINT('',(5.2,-52.50299835205,0.4));
#2543 = DIRECTION('',(-1.,0.,0.));
#2544 = DIRECTION('',(0.,-1.,1.1E-16));
#2545 = ADVANCED_FACE('',(#2546),#2620,.T.);
#2546 = FACE_BOUND('',#2547,.T.);
#2547 = EDGE_LOOP('',(#2548,#2549,#2550,#2551,#2552,#2560,#2566,#2567,
    #2568,#2569,#2570,#2571,#2572,#2573,#2574,#2575,#2576,#2577,#2578,
    #2579,#2580,#2581,#2582,#2583,#2584,#2585,#2586,#2587,#2588,#2589,
    #2590,#2591,#2592,#2593,#2594,#2595,#2596,#2597,#2598,#2599,#2600,
    #2601,#2602,#2603,#2604,#2605,#2606,#2607,#2608,#2609,#2610,#2611,
    #2612,#2613,#2614,#2615,#2616,#2617,#2618,#2619));
#2548 = ORIENTED_EDGE('',*,*,#2411,.F.);
#2549 = ORIENTED_EDGE('',*,*,#762,.F.);
#2550 = ORIENTED_EDGE('',*,*,#943,.F.);
#2551 = ORIENTED_EDGE('',*,*,#2461,.F.);
#2552 = ORIENTED_EDGE('',*,*,#2553,.F.);
#2553 = EDGE_CURVE('',#2554,#2454,#2556,.T.);
#2554 = VERTEX_POINT('',#2555);
#2555 = CARTESIAN_POINT('',(-3.5,-37.50299835205,2.003000020981));
#2556 = LINE('',#2557,#2558);
#2557 = CARTESIAN_POINT('',(-3.5,-37.50299835205,2.003000020981));
#2558 = VECTOR('',#2559,1.);
#2559 = DIRECTION('',(0.,0.,-1.));
#2560 = ORIENTED_EDGE('',*,*,#2561,.F.);
#2561 = EDGE_CURVE('',#1041,#2554,#2562,.T.);
#2562 = LINE('',#2563,#2564);
#2563 = CARTESIAN_POINT('',(-3.5,-35.00299835205,2.003000020981));
#2564 = VECTOR('',#2565,1.);
#2565 = DIRECTION('',(0.,-1.,2.2E-16));
#2566 = ORIENTED_EDGE('',*,*,#1040,.F.);
#2567 = ORIENTED_EDGE('',*,*,#1112,.F.);
#2568 = ORIENTED_EDGE('',*,*,#1172,.F.);
#2569 = ORIENTED_EDGE('',*,*,#1194,.F.);
#2570 = ORIENTED_EDGE('',*,*,#1210,.F.);
#2571 = ORIENTED_EDGE('',*,*,#1244,.F.);
#2572 = ORIENTED_EDGE('',*,*,#1266,.F.);
#2573 = ORIENTED_EDGE('',*,*,#1282,.F.);
#2574 = ORIENTED_EDGE('',*,*,#1316,.F.);
#2575 = ORIENTED_EDGE('',*,*,#1339,.F.);
#2576 = ORIENTED_EDGE('',*,*,#1364,.F.);
#2577 = ORIENTED_EDGE('',*,*,#1387,.F.);
#2578 = ORIENTED_EDGE('',*,*,#1411,.F.);
#2579 = ORIENTED_EDGE('',*,*,#1436,.F.);
#2580 = ORIENTED_EDGE('',*,*,#1459,.F.);
#2581 = ORIENTED_EDGE('',*,*,#1474,.F.);
#2582 = ORIENTED_EDGE('',*,*,#1507,.F.);
#2583 = ORIENTED_EDGE('',*,*,#1532,.F.);
#2584 = ORIENTED_EDGE('',*,*,#1555,.F.);
#2585 = ORIENTED_EDGE('',*,*,#1579,.F.);
#2586 = ORIENTED_EDGE('',*,*,#1604,.F.);
#2587 = ORIENTED_EDGE('',*,*,#1627,.F.);
#2588 = ORIENTED_EDGE('',*,*,#1650,.F.);
#2589 = ORIENTED_EDGE('',*,*,#1674,.F.);
#2590 = ORIENTED_EDGE('',*,*,#1700,.F.);
#2591 = ORIENTED_EDGE('',*,*,#1722,.F.);
#2592 = ORIENTED_EDGE('',*,*,#1748,.F.);
#2593 = ORIENTED_EDGE('',*,*,#1762,.F.);
#2594 = ORIENTED_EDGE('',*,*,#1796,.F.);
#2595 = ORIENTED_EDGE('',*,*,#1819,.F.);
#2596 = ORIENTED_EDGE('',*,*,#1834,.F.);
#2597 = ORIENTED_EDGE('',*,*,#1867,.F.);
#2598 = ORIENTED_EDGE('',*,*,#1892,.F.);
#2599 = ORIENTED_EDGE('',*,*,#1916,.F.);
#2600 = ORIENTED_EDGE('',*,*,#1940,.F.);
#2601 = ORIENTED_EDGE('',*,*,#1962,.F.);
#2602 = ORIENTED_EDGE('',*,*,#1988,.F.);
#2603 = ORIENTED_EDGE('',*,*,#2010,.F.);
#2604 = ORIENTED_EDGE('',*,*,#2036,.F.);
#2605 = ORIENTED_EDGE('',*,*,#2060,.F.);
#2606 = ORIENTED_EDGE('',*,*,#2084,.F.);
#2607 = ORIENTED_EDGE('',*,*,#2108,.F.);
#2608 = ORIENTED_EDGE('',*,*,#2131,.F.);
#2609 = ORIENTED_EDGE('',*,*,#2156,.F.);
#2610 = ORIENTED_EDGE('',*,*,#2178,.F.);
#2611 = ORIENTED_EDGE('',*,*,#2204,.F.);
#2612 = ORIENTED_EDGE('',*,*,#2226,.F.);
#2613 = ORIENTED_EDGE('',*,*,#2242,.F.);
#2614 = ORIENTED_EDGE('',*,*,#2274,.F.);
#2615 = ORIENTED_EDGE('',*,*,#2300,.F.);
#2616 = ORIENTED_EDGE('',*,*,#2322,.F.);
#2617 = ORIENTED_EDGE('',*,*,#2346,.F.);
#2618 = ORIENTED_EDGE('',*,*,#2371,.F.);
#2619 = ORIENTED_EDGE('',*,*,#2394,.F.);
#2620 = PLANE('',#2621);
#2621 = AXIS2_PLACEMENT_3D('',#2622,#2623,#2624);
#2622 = CARTESIAN_POINT('',(-3.5,-33.30883962291,3.35828698263));
#2623 = DIRECTION('',(1.,0.,0.));
#2624 = DIRECTION('',(0.,0.,1.));
#2625 = ADVANCED_FACE('',(#2626),#2645,.T.);
#2626 = FACE_BOUND('',#2627,.F.);
#2627 = EDGE_LOOP('',(#2628,#2629,#2637,#2644));
#2628 = ORIENTED_EDGE('',*,*,#877,.T.);
#2629 = ORIENTED_EDGE('',*,*,#2630,.T.);
#2630 = EDGE_CURVE('',#870,#2631,#2633,.T.);
#2631 = VERTEX_POINT('',#2632);
#2632 = CARTESIAN_POINT('',(5.2,-52.50299835205,-4.1));
#2633 = LINE('',#2634,#2635);
#2634 = CARTESIAN_POINT('',(5.2,-42.50299835205,-4.1));
#2635 = VECTOR('',#2636,1.);
#2636 = DIRECTION('',(0.,-1.,2.2E-16));
#2637 = ORIENTED_EDGE('',*,*,#2638,.F.);
#2638 = EDGE_CURVE('',#803,#2631,#2639,.T.);
#2639 = CIRCLE('',#2640,0.5);
#2640 = AXIS2_PLACEMENT_3D('',#2641,#2642,#2643);
#2641 = CARTESIAN_POINT('',(5.2,-52.50299835205,-3.6));
#2642 = DIRECTION('',(0.,1.,-6.E-17));
#2643 = DIRECTION('',(0.,-6.E-17,-1.));
#2644 = ORIENTED_EDGE('',*,*,#810,.F.);
#2645 = CYLINDRICAL_SURFACE('',#2646,0.5);
#2646 = AXIS2_PLACEMENT_3D('',#2647,#2648,#2649);
#2647 = CARTESIAN_POINT('',(5.2,-42.50299835205,-3.6));
#2648 = DIRECTION('',(0.,-1.,2.2E-16));
#2649 = DIRECTION('',(1.,0.,0.));
#2650 = ADVANCED_FACE('',(#2651),#2670,.T.);
#2651 = FACE_BOUND('',#2652,.F.);
#2652 = EDGE_LOOP('',(#2653,#2662,#2668,#2669));
#2653 = ORIENTED_EDGE('',*,*,#2654,.T.);
#2654 = EDGE_CURVE('',#803,#2655,#2657,.T.);
#2655 = VERTEX_POINT('',#2656);
#2656 = CARTESIAN_POINT('',(5.2,-53.00299835205,-3.6));
#2657 = CIRCLE('',#2658,0.5);
#2658 = AXIS2_PLACEMENT_3D('',#2659,#2660,#2661);
#2659 = CARTESIAN_POINT('',(5.2,-52.50299835205,-3.6));
#2660 = DIRECTION('',(-0.,-0.,-1.));
#2661 = DIRECTION('',(0.,-1.,0.));
#2662 = ORIENTED_EDGE('',*,*,#2663,.T.);
#2663 = EDGE_CURVE('',#2655,#962,#2664,.T.);
#2664 = LINE('',#2665,#2666);
#2665 = CARTESIAN_POINT('',(5.2,-53.00299835205,-4.1));
#2666 = VECTOR('',#2667,1.);
#2667 = DIRECTION('',(0.,2.2E-16,1.));
#2668 = ORIENTED_EDGE('',*,*,#2532,.F.);
#2669 = ORIENTED_EDGE('',*,*,#802,.F.);
#2670 = CYLINDRICAL_SURFACE('',#2671,0.5);
#2671 = AXIS2_PLACEMENT_3D('',#2672,#2673,#2674);
#2672 = CARTESIAN_POINT('',(5.2,-52.50299835205,-4.1));
#2673 = DIRECTION('',(0.,2.2E-16,1.));
#2674 = DIRECTION('',(1.,0.,0.));
#2675 = ADVANCED_FACE('',(#2676),#2687,.T.);
#2676 = FACE_BOUND('',#2677,.T.);
#2677 = EDGE_LOOP('',(#2678,#2679,#2686));
#2678 = ORIENTED_EDGE('',*,*,#901,.F.);
#2679 = ORIENTED_EDGE('',*,*,#2680,.T.);
#2680 = EDGE_CURVE('',#894,#835,#2681,.T.);
#2681 = CIRCLE('',#2682,0.5);
#2682 = AXIS2_PLACEMENT_3D('',#2683,#2684,#2685);
#2683 = CARTESIAN_POINT('',(-9.,-52.50299835205,-3.6));
#2684 = DIRECTION('',(-1.,2.8E-16,0.));
#2685 = DIRECTION('',(-2.8E-16,-1.,2.2E-16));
#2686 = ORIENTED_EDGE('',*,*,#842,.F.);
#2687 = SPHERICAL_SURFACE('',#2688,0.5);
#2688 = AXIS2_PLACEMENT_3D('',#2689,#2690,#2691);
#2689 = CARTESIAN_POINT('',(-9.,-52.50299835205,-3.6));
#2690 = DIRECTION('',(0.,2.2E-16,1.));
#2691 = DIRECTION('',(-1.,0.,0.));
#2692 = ADVANCED_FACE('',(#2693),#2704,.F.);
#2693 = FACE_BOUND('',#2694,.F.);
#2694 = EDGE_LOOP('',(#2695,#2696,#2697,#2698));
#2695 = ORIENTED_EDGE('',*,*,#834,.F.);
#2696 = ORIENTED_EDGE('',*,*,#970,.F.);
#2697 = ORIENTED_EDGE('',*,*,#2663,.F.);
#2698 = ORIENTED_EDGE('',*,*,#2699,.F.);
#2699 = EDGE_CURVE('',#835,#2655,#2700,.T.);
#2700 = LINE('',#2701,#2702);
#2701 = CARTESIAN_POINT('',(-9.5,-53.00299835205,-3.6));
#2702 = VECTOR('',#2703,1.);
#2703 = DIRECTION('',(1.,0.,0.));
#2704 = PLANE('',#2705);
#2705 = AXIS2_PLACEMENT_3D('',#2706,#2707,#2708);
#2706 = CARTESIAN_POINT('',(-1.9,-53.00299835205,-1.6));
#2707 = DIRECTION('',(0.,1.,0.));
#2708 = DIRECTION('',(0.,0.,1.));
#2709 = ADVANCED_FACE('',(#2710),#2721,.F.);
#2710 = FACE_BOUND('',#2711,.F.);
#2711 = EDGE_LOOP('',(#2712,#2713,#2714,#2720));
#2712 = ORIENTED_EDGE('',*,*,#869,.F.);
#2713 = ORIENTED_EDGE('',*,*,#893,.T.);
#2714 = ORIENTED_EDGE('',*,*,#2715,.T.);
#2715 = EDGE_CURVE('',#894,#2631,#2716,.T.);
#2716 = LINE('',#2717,#2718);
#2717 = CARTESIAN_POINT('',(-9.5,-52.50299835205,-4.1));
#2718 = VECTOR('',#2719,1.);
#2719 = DIRECTION('',(1.,0.,0.));
#2720 = ORIENTED_EDGE('',*,*,#2630,.F.);
#2721 = PLANE('',#2722);
#2722 = AXIS2_PLACEMENT_3D('',#2723,#2724,#2725);
#2723 = CARTESIAN_POINT('',(-9.5,-41.00299835205,-4.1));
#2724 = DIRECTION('',(0.,2.2E-16,1.));
#2725 = DIRECTION('',(1.,0.,0.));
#2726 = ADVANCED_FACE('',(#2727),#2745,.T.);
#2727 = FACE_BOUND('',#2728,.T.);
#2728 = EDGE_LOOP('',(#2729,#2730,#2731,#2739));
#2729 = ORIENTED_EDGE('',*,*,#985,.T.);
#2730 = ORIENTED_EDGE('',*,*,#1088,.F.);
#2731 = ORIENTED_EDGE('',*,*,#2732,.F.);
#2732 = EDGE_CURVE('',#2733,#1081,#2735,.T.);
#2733 = VERTEX_POINT('',#2734);
#2734 = CARTESIAN_POINT('',(-16.09700012207,-30.00300025939,
    5.006000041962));
#2735 = LINE('',#2736,#2737);
#2736 = CARTESIAN_POINT('',(-16.09700012207,-30.00300025939,
    5.006000041962));
#2737 = VECTOR('',#2738,1.);
#2738 = DIRECTION('',(0.,1.,0.));
#2739 = ORIENTED_EDGE('',*,*,#2740,.T.);
#2740 = EDGE_CURVE('',#2733,#986,#2741,.T.);
#2741 = LINE('',#2742,#2743);
#2742 = CARTESIAN_POINT('',(-16.09700012207,-30.00300025939,
    5.006000041962));
#2743 = VECTOR('',#2744,1.);
#2744 = DIRECTION('',(0.,0.,1.));
#2745 = PLANE('',#2746);
#2746 = AXIS2_PLACEMENT_3D('',#2747,#2748,#2749);
#2747 = CARTESIAN_POINT('',(-16.09700012207,-28.0015001297,
    5.006999969482));
#2748 = DIRECTION('',(-1.,-0.,-0.));
#2749 = DIRECTION('',(0.,0.,-1.));
#2750 = ADVANCED_FACE('',(#2751),#2769,.T.);
#2751 = FACE_BOUND('',#2752,.T.);
#2752 = EDGE_LOOP('',(#2753,#2754,#2762,#2768));
#2753 = ORIENTED_EDGE('',*,*,#2740,.F.);
#2754 = ORIENTED_EDGE('',*,*,#2755,.F.);
#2755 = EDGE_CURVE('',#2756,#2733,#2758,.T.);
#2756 = VERTEX_POINT('',#2757);
#2757 = CARTESIAN_POINT('',(-17.25300025939,-30.00300025939,
    5.006000041962));
#2758 = LINE('',#2759,#2760);
#2759 = CARTESIAN_POINT('',(-18.25200080871,-30.00300025939,
    5.006000041962));
#2760 = VECTOR('',#2761,1.);
#2761 = DIRECTION('',(1.,0.,0.));
#2762 = ORIENTED_EDGE('',*,*,#2763,.F.);
#2763 = EDGE_CURVE('',#996,#2756,#2764,.T.);
#2764 = LINE('',#2765,#2766);
#2765 = CARTESIAN_POINT('',(-17.25300025939,-30.00300025939,
    5.007999897003));
#2766 = VECTOR('',#2767,1.);
#2767 = DIRECTION('',(0.,0.,-1.));
#2768 = ORIENTED_EDGE('',*,*,#995,.T.);
#2769 = PLANE('',#2770);
#2770 = AXIS2_PLACEMENT_3D('',#2771,#2772,#2773);
#2771 = CARTESIAN_POINT('',(-18.36134182428,-30.00300025939,
    2.997488382252));
#2772 = DIRECTION('',(0.,1.,0.));
#2773 = DIRECTION('',(0.,0.,1.));
#2774 = ADVANCED_FACE('',(#2775),#2786,.F.);
#2775 = FACE_BOUND('',#2776,.F.);
#2776 = EDGE_LOOP('',(#2777,#2778,#2779,#2780));
#2777 = ORIENTED_EDGE('',*,*,#2763,.F.);
#2778 = ORIENTED_EDGE('',*,*,#1003,.T.);
#2779 = ORIENTED_EDGE('',*,*,#2502,.T.);
#2780 = ORIENTED_EDGE('',*,*,#2781,.F.);
#2781 = EDGE_CURVE('',#2756,#2503,#2782,.T.);
#2782 = LINE('',#2783,#2784);
#2783 = CARTESIAN_POINT('',(-17.25300025939,-30.35073835198,
    5.006000041962));
#2784 = VECTOR('',#2785,1.);
#2785 = DIRECTION('',(0.,-1.,0.));
#2786 = PLANE('',#2787);
#2787 = AXIS2_PLACEMENT_3D('',#2788,#2789,#2790);
#2788 = CARTESIAN_POINT('',(-17.25300025939,-30.00300025939,
    5.007999897003));
#2789 = DIRECTION('',(1.,0.,0.));
#2790 = DIRECTION('',(0.,-2.2E-16,-1.));
#2791 = ADVANCED_FACE('',(#2792),#2817,.T.);
#2792 = FACE_BOUND('',#2793,.T.);
#2793 = EDGE_LOOP('',(#2794,#2802,#2810,#2816));
#2794 = ORIENTED_EDGE('',*,*,#2795,.T.);
#2795 = EDGE_CURVE('',#1049,#2796,#2798,.T.);
#2796 = VERTEX_POINT('',#2797);
#2797 = CARTESIAN_POINT('',(-6.248000144958,-35.00299835205,
    2.003000020981));
#2798 = LINE('',#2799,#2800);
#2799 = CARTESIAN_POINT('',(-6.248000144958,-26.,2.003000020981));
#2800 = VECTOR('',#2801,1.);
#2801 = DIRECTION('',(0.,-1.,0.));
#2802 = ORIENTED_EDGE('',*,*,#2803,.F.);
#2803 = EDGE_CURVE('',#2804,#2796,#2806,.T.);
#2804 = VERTEX_POINT('',#2805);
#2805 = CARTESIAN_POINT('',(-6.248000144958,-35.00299835205,4.));
#2806 = LINE('',#2807,#2808);
#2807 = CARTESIAN_POINT('',(-6.248000144958,-35.00299835205,4.));
#2808 = VECTOR('',#2809,1.);
#2809 = DIRECTION('',(0.,0.,-1.));
#2810 = ORIENTED_EDGE('',*,*,#2811,.T.);
#2811 = EDGE_CURVE('',#2804,#1057,#2812,.T.);
#2812 = LINE('',#2813,#2814);
#2813 = CARTESIAN_POINT('',(-6.248000144958,-35.00299835205,4.));
#2814 = VECTOR('',#2815,1.);
#2815 = DIRECTION('',(0.,1.,0.));
#2816 = ORIENTED_EDGE('',*,*,#1056,.F.);
#2817 = PLANE('',#2818);
#2818 = AXIS2_PLACEMENT_3D('',#2819,#2820,#2821);
#2819 = CARTESIAN_POINT('',(-6.248000144958,-30.50149917602,
    3.00150001049));
#2820 = DIRECTION('',(-1.,-0.,-0.));
#2821 = DIRECTION('',(0.,0.,-1.));
#2822 = ADVANCED_FACE('',(#2823),#2864,.T.);
#2823 = FACE_BOUND('',#2824,.T.);
#2824 = EDGE_LOOP('',(#2825,#2833,#2839,#2840,#2848,#2856,#2862,#2863));
#2825 = ORIENTED_EDGE('',*,*,#2826,.F.);
#2826 = EDGE_CURVE('',#2827,#2804,#2829,.T.);
#2827 = VERTEX_POINT('',#2828);
#2828 = CARTESIAN_POINT('',(-17.25300025939,-35.00299835205,4.));
#2829 = LINE('',#2830,#2831);
#2830 = CARTESIAN_POINT('',(-17.25300025939,-35.00299835205,4.));
#2831 = VECTOR('',#2832,1.);
#2832 = DIRECTION('',(1.,0.,0.));
#2833 = ORIENTED_EDGE('',*,*,#2834,.F.);
#2834 = EDGE_CURVE('',#2484,#2827,#2835,.T.);
#2835 = LINE('',#2836,#2837);
#2836 = CARTESIAN_POINT('',(-17.25300025939,-30.00300025939,4.));
#2837 = VECTOR('',#2838,1.);
#2838 = DIRECTION('',(0.,-1.,0.));
#2839 = ORIENTED_EDGE('',*,*,#2483,.T.);
#2840 = ORIENTED_EDGE('',*,*,#2841,.T.);
#2841 = EDGE_CURVE('',#2486,#2842,#2844,.T.);
#2842 = VERTEX_POINT('',#2843);
#2843 = CARTESIAN_POINT('',(-18.25200080871,-35.00500106811,4.));
#2844 = LINE('',#2845,#2846);
#2845 = CARTESIAN_POINT('',(-18.25200080871,-30.00300025939,4.));
#2846 = VECTOR('',#2847,1.);
#2847 = DIRECTION('',(0.,-1.,0.));
#2848 = ORIENTED_EDGE('',*,*,#2849,.F.);
#2849 = EDGE_CURVE('',#2850,#2842,#2852,.T.);
#2850 = VERTEX_POINT('',#2851);
#2851 = CARTESIAN_POINT('',(-5.248000144958,-35.00500106811,4.));
#2852 = LINE('',#2853,#2854);
#2853 = CARTESIAN_POINT('',(-5.248000144958,-35.00500106811,4.));
#2854 = VECTOR('',#2855,1.);
#2855 = DIRECTION('',(-1.,0.,0.));
#2856 = ORIENTED_EDGE('',*,*,#2857,.T.);
#2857 = EDGE_CURVE('',#2850,#1065,#2858,.T.);
#2858 = LINE('',#2859,#2860);
#2859 = CARTESIAN_POINT('',(-5.248000144958,-35.00500106811,4.));
#2860 = VECTOR('',#2861,1.);
#2861 = DIRECTION('',(0.,1.,0.));
#2862 = ORIENTED_EDGE('',*,*,#1064,.F.);
#2863 = ORIENTED_EDGE('',*,*,#2811,.F.);
#2864 = PLANE('',#2865);
#2865 = AXIS2_PLACEMENT_3D('',#2866,#2867,#2868);
#2866 = CARTESIAN_POINT('',(-10.86053731952,-32.78103691522,4.));
#2867 = DIRECTION('',(0.,0.,1.));
#2868 = DIRECTION('',(1.,0.,0.));
#2869 = ADVANCED_FACE('',(#2870),#2888,.T.);
#2870 = FACE_BOUND('',#2871,.T.);
#2871 = EDGE_LOOP('',(#2872,#2880,#2886,#2887));
#2872 = ORIENTED_EDGE('',*,*,#2873,.T.);
#2873 = EDGE_CURVE('',#2850,#2874,#2876,.T.);
#2874 = VERTEX_POINT('',#2875);
#2875 = CARTESIAN_POINT('',(-5.248000144958,-35.00500106811,
    5.006000041962));
#2876 = LINE('',#2877,#2878);
#2877 = CARTESIAN_POINT('',(-5.248000144958,-35.00500106811,4.));
#2878 = VECTOR('',#2879,1.);
#2879 = DIRECTION('',(0.,0.,1.));
#2880 = ORIENTED_EDGE('',*,*,#2881,.F.);
#2881 = EDGE_CURVE('',#1073,#2874,#2882,.T.);
#2882 = LINE('',#2883,#2884);
#2883 = CARTESIAN_POINT('',(-5.248000144958,-26.,5.006000041962));
#2884 = VECTOR('',#2885,1.);
#2885 = DIRECTION('',(0.,-1.,0.));
#2886 = ORIENTED_EDGE('',*,*,#1072,.F.);
#2887 = ORIENTED_EDGE('',*,*,#2857,.F.);
#2888 = PLANE('',#2889);
#2889 = AXIS2_PLACEMENT_3D('',#2890,#2891,#2892);
#2890 = CARTESIAN_POINT('',(-5.248000144958,-30.50250053405,
    4.503000020981));
#2891 = DIRECTION('',(-1.,-0.,-0.));
#2892 = DIRECTION('',(0.,0.,-1.));
#2893 = ADVANCED_FACE('',(#2894,#2916),#2950,.T.);
#2894 = FACE_BOUND('',#2895,.T.);
#2895 = EDGE_LOOP('',(#2896,#2897,#2898,#2899,#2900,#2908,#2914,#2915));
#2896 = ORIENTED_EDGE('',*,*,#2755,.T.);
#2897 = ORIENTED_EDGE('',*,*,#2732,.T.);
#2898 = ORIENTED_EDGE('',*,*,#1080,.F.);
#2899 = ORIENTED_EDGE('',*,*,#2881,.T.);
#2900 = ORIENTED_EDGE('',*,*,#2901,.T.);
#2901 = EDGE_CURVE('',#2874,#2902,#2904,.T.);
#2902 = VERTEX_POINT('',#2903);
#2903 = CARTESIAN_POINT('',(-18.25200080871,-35.00500106811,
    5.006000041962));
#2904 = LINE('',#2905,#2906);
#2905 = CARTESIAN_POINT('',(-5.248000144958,-35.00500106811,
    5.006000041962));
#2906 = VECTOR('',#2907,1.);
#2907 = DIRECTION('',(-1.,0.,0.));
#2908 = ORIENTED_EDGE('',*,*,#2909,.T.);
#2909 = EDGE_CURVE('',#2902,#2511,#2910,.T.);
#2910 = LINE('',#2911,#2912);
#2911 = CARTESIAN_POINT('',(-18.25200080871,-35.00500106811,
    5.006000041962));
#2912 = VECTOR('',#2913,1.);
#2913 = DIRECTION('',(0.,1.,0.));
#2914 = ORIENTED_EDGE('',*,*,#2510,.T.);
#2915 = ORIENTED_EDGE('',*,*,#2781,.F.);
#2916 = FACE_BOUND('',#2917,.T.);
#2917 = EDGE_LOOP('',(#2918,#2928,#2936,#2944));
#2918 = ORIENTED_EDGE('',*,*,#2919,.T.);
#2919 = EDGE_CURVE('',#2920,#2922,#2924,.T.);
#2920 = VERTEX_POINT('',#2921);
#2921 = CARTESIAN_POINT('',(-13.25300025939,-28.79700088501,
    5.006000041962));
#2922 = VERTEX_POINT('',#2923);
#2923 = CARTESIAN_POINT('',(-13.25300025939,-31.90200042724,
    5.006000041962));
#2924 = LINE('',#2925,#2926);
#2925 = CARTESIAN_POINT('',(-13.25300025939,-28.79700088501,
    5.006000041962));
#2926 = VECTOR('',#2927,1.);
#2927 = DIRECTION('',(0.,-1.,0.));
#2928 = ORIENTED_EDGE('',*,*,#2929,.T.);
#2929 = EDGE_CURVE('',#2922,#2930,#2932,.T.);
#2930 = VERTEX_POINT('',#2931);
#2931 = CARTESIAN_POINT('',(-10.24800014495,-31.90200042724,
    5.006000041962));
#2932 = LINE('',#2933,#2934);
#2933 = CARTESIAN_POINT('',(-13.25300025939,-31.90200042724,
    5.006000041962));
#2934 = VECTOR('',#2935,1.);
#2935 = DIRECTION('',(1.,0.,0.));
#2936 = ORIENTED_EDGE('',*,*,#2937,.T.);
#2937 = EDGE_CURVE('',#2930,#2938,#2940,.T.);
#2938 = VERTEX_POINT('',#2939);
#2939 = CARTESIAN_POINT('',(-10.24800014495,-28.79700088501,
    5.006000041962));
#2940 = LINE('',#2941,#2942);
#2941 = CARTESIAN_POINT('',(-10.24800014495,-31.90200042724,
    5.006000041962));
#2942 = VECTOR('',#2943,1.);
#2943 = DIRECTION('',(0.,1.,0.));
#2944 = ORIENTED_EDGE('',*,*,#2945,.T.);
#2945 = EDGE_CURVE('',#2938,#2920,#2946,.T.);
#2946 = LINE('',#2947,#2948);
#2947 = CARTESIAN_POINT('',(-10.24800014495,-28.79700088501,
    5.006000041962));
#2948 = VECTOR('',#2949,1.);
#2949 = DIRECTION('',(-1.,0.,0.));
#2950 = PLANE('',#2951);
#2951 = AXIS2_PLACEMENT_3D('',#2952,#2953,#2954);
#2952 = CARTESIAN_POINT('',(-11.55402456632,-30.69847644456,
    5.006000041962));
#2953 = DIRECTION('',(-0.,-0.,-1.));
#2954 = DIRECTION('',(-1.,0.,0.));
#2955 = ADVANCED_FACE('',(#2956),#2972,.T.);
#2956 = FACE_BOUND('',#2957,.T.);
#2957 = EDGE_LOOP('',(#2958,#2964,#2965,#2971));
#2958 = ORIENTED_EDGE('',*,*,#2959,.T.);
#2959 = EDGE_CURVE('',#2930,#1125,#2960,.T.);
#2960 = LINE('',#2961,#2962);
#2961 = CARTESIAN_POINT('',(-10.24800014495,-31.90200042724,
    5.006000041962));
#2962 = VECTOR('',#2963,1.);
#2963 = DIRECTION('',(0.,0.,1.));
#2964 = ORIENTED_EDGE('',*,*,#1122,.F.);
#2965 = ORIENTED_EDGE('',*,*,#2966,.F.);
#2966 = EDGE_CURVE('',#2938,#1123,#2967,.T.);
#2967 = LINE('',#2968,#2969);
#2968 = CARTESIAN_POINT('',(-10.24800014495,-28.79700088501,
    5.006000041962));
#2969 = VECTOR('',#2970,1.);
#2970 = DIRECTION('',(0.,0.,1.));
#2971 = ORIENTED_EDGE('',*,*,#2937,.F.);
#2972 = PLANE('',#2973);
#2973 = AXIS2_PLACEMENT_3D('',#2974,#2975,#2976);
#2974 = CARTESIAN_POINT('',(-10.24800014495,-30.34950065612,
    5.552999973297));
#2975 = DIRECTION('',(-1.,-0.,-0.));
#2976 = DIRECTION('',(0.,0.,-1.));
#2977 = ADVANCED_FACE('',(#2978),#2989,.T.);
#2978 = FACE_BOUND('',#2979,.T.);
#2979 = EDGE_LOOP('',(#2980,#2986,#2987,#2988));
#2980 = ORIENTED_EDGE('',*,*,#2981,.F.);
#2981 = EDGE_CURVE('',#1133,#2922,#2982,.T.);
#2982 = LINE('',#2983,#2984);
#2983 = CARTESIAN_POINT('',(-13.25300025939,-31.90200042724,
    6.099999904633));
#2984 = VECTOR('',#2985,1.);
#2985 = DIRECTION('',(0.,0.,-1.));
#2986 = ORIENTED_EDGE('',*,*,#1132,.F.);
#2987 = ORIENTED_EDGE('',*,*,#2959,.F.);
#2988 = ORIENTED_EDGE('',*,*,#2929,.F.);
#2989 = PLANE('',#2990);
#2990 = AXIS2_PLACEMENT_3D('',#2991,#2992,#2993);
#2991 = CARTESIAN_POINT('',(-11.75050020217,-31.90200042724,
    5.552999973297));
#2992 = DIRECTION('',(0.,1.,0.));
#2993 = DIRECTION('',(0.,0.,1.));
#2994 = ADVANCED_FACE('',(#2995),#3006,.T.);
#2995 = FACE_BOUND('',#2996,.T.);
#2996 = EDGE_LOOP('',(#2997,#2998,#2999,#3000));
#2997 = ORIENTED_EDGE('',*,*,#1140,.F.);
#2998 = ORIENTED_EDGE('',*,*,#2981,.T.);
#2999 = ORIENTED_EDGE('',*,*,#2919,.F.);
#3000 = ORIENTED_EDGE('',*,*,#3001,.T.);
#3001 = EDGE_CURVE('',#2920,#1141,#3002,.T.);
#3002 = LINE('',#3003,#3004);
#3003 = CARTESIAN_POINT('',(-13.25300025939,-28.79700088501,
    5.006000041962));
#3004 = VECTOR('',#3005,1.);
#3005 = DIRECTION('',(0.,0.,1.));
#3006 = PLANE('',#3007);
#3007 = AXIS2_PLACEMENT_3D('',#3008,#3009,#3010);
#3008 = CARTESIAN_POINT('',(-13.25300025939,-30.34950065612,
    5.552999973297));
#3009 = DIRECTION('',(1.,0.,0.));
#3010 = DIRECTION('',(0.,0.,1.));
#3011 = ADVANCED_FACE('',(#3012),#3018,.T.);
#3012 = FACE_BOUND('',#3013,.T.);
#3013 = EDGE_LOOP('',(#3014,#3015,#3016,#3017));
#3014 = ORIENTED_EDGE('',*,*,#3001,.F.);
#3015 = ORIENTED_EDGE('',*,*,#2945,.F.);
#3016 = ORIENTED_EDGE('',*,*,#2966,.T.);
#3017 = ORIENTED_EDGE('',*,*,#1148,.F.);
#3018 = PLANE('',#3019);
#3019 = AXIS2_PLACEMENT_3D('',#3020,#3021,#3022);
#3020 = CARTESIAN_POINT('',(-11.75050020217,-28.79700088501,
    5.552999973297));
#3021 = DIRECTION('',(-0.,-1.,-0.));
#3022 = DIRECTION('',(0.,0.,-1.));
#3023 = ADVANCED_FACE('',(#3024),#3035,.T.);
#3024 = FACE_BOUND('',#3025,.T.);
#3025 = EDGE_LOOP('',(#3026,#3027,#3028,#3029));
#3026 = ORIENTED_EDGE('',*,*,#2427,.F.);
#3027 = ORIENTED_EDGE('',*,*,#2493,.F.);
#3028 = ORIENTED_EDGE('',*,*,#2834,.T.);
#3029 = ORIENTED_EDGE('',*,*,#3030,.F.);
#3030 = EDGE_CURVE('',#2430,#2827,#3031,.T.);
#3031 = LINE('',#3032,#3033);
#3032 = CARTESIAN_POINT('',(-17.25300025939,-35.00299835205,0.));
#3033 = VECTOR('',#3034,1.);
#3034 = DIRECTION('',(0.,0.,1.));
#3035 = PLANE('',#3036);
#3036 = AXIS2_PLACEMENT_3D('',#3037,#3038,#3039);
#3037 = CARTESIAN_POINT('',(-17.25300025939,-32.50299930572,2.));
#3038 = DIRECTION('',(1.,0.,0.));
#3039 = DIRECTION('',(0.,0.,1.));
#3040 = ADVANCED_FACE('',(#3041),#3059,.T.);
#3041 = FACE_BOUND('',#3042,.T.);
#3042 = EDGE_LOOP('',(#3043,#3044,#3045,#3053));
#3043 = ORIENTED_EDGE('',*,*,#2553,.T.);
#3044 = ORIENTED_EDGE('',*,*,#2453,.T.);
#3045 = ORIENTED_EDGE('',*,*,#3046,.T.);
#3046 = EDGE_CURVE('',#2446,#3047,#3049,.T.);
#3047 = VERTEX_POINT('',#3048);
#3048 = CARTESIAN_POINT('',(-6.248000144958,-37.50299835205,
    2.003000020981));
#3049 = LINE('',#3050,#3051);
#3050 = CARTESIAN_POINT('',(-6.248000144958,-37.50299835205,1.E-15));
#3051 = VECTOR('',#3052,1.);
#3052 = DIRECTION('',(0.,0.,1.));
#3053 = ORIENTED_EDGE('',*,*,#3054,.T.);
#3054 = EDGE_CURVE('',#3047,#2554,#3055,.T.);
#3055 = LINE('',#3056,#3057);
#3056 = CARTESIAN_POINT('',(-6.248000144958,-37.50299835205,
    2.003000020981));
#3057 = VECTOR('',#3058,1.);
#3058 = DIRECTION('',(1.,0.,0.));
#3059 = PLANE('',#3060);
#3060 = AXIS2_PLACEMENT_3D('',#3061,#3062,#3063);
#3061 = CARTESIAN_POINT('',(-4.874000072479,-37.50299835205,
    1.00150001049));
#3062 = DIRECTION('',(0.,1.,0.));
#3063 = DIRECTION('',(0.,0.,1.));
#3064 = ADVANCED_FACE('',(#3065),#3081,.F.);
#3065 = FACE_BOUND('',#3066,.F.);
#3066 = EDGE_LOOP('',(#3067,#3068,#3069,#3075));
#3067 = ORIENTED_EDGE('',*,*,#2445,.T.);
#3068 = ORIENTED_EDGE('',*,*,#3046,.T.);
#3069 = ORIENTED_EDGE('',*,*,#3070,.F.);
#3070 = EDGE_CURVE('',#2796,#3047,#3071,.T.);
#3071 = LINE('',#3072,#3073);
#3072 = CARTESIAN_POINT('',(-6.248000144958,-35.00299835205,
    2.003000020981));
#3073 = VECTOR('',#3074,1.);
#3074 = DIRECTION('',(0.,-1.,2.2E-16));
#3075 = ORIENTED_EDGE('',*,*,#3076,.F.);
#3076 = EDGE_CURVE('',#2438,#2796,#3077,.T.);
#3077 = LINE('',#3078,#3079);
#3078 = CARTESIAN_POINT('',(-6.248000144958,-35.00299835205,0.));
#3079 = VECTOR('',#3080,1.);
#3080 = DIRECTION('',(0.,0.,1.));
#3081 = PLANE('',#3082);
#3082 = AXIS2_PLACEMENT_3D('',#3083,#3084,#3085);
#3083 = CARTESIAN_POINT('',(-6.248000144958,-35.00299835205,0.));
#3084 = DIRECTION('',(-1.,0.,0.));
#3085 = DIRECTION('',(0.,2.2E-16,1.));
#3086 = ADVANCED_FACE('',(#3087),#3094,.T.);
#3087 = FACE_BOUND('',#3088,.T.);
#3088 = EDGE_LOOP('',(#3089,#3090,#3091,#3092,#3093));
#3089 = ORIENTED_EDGE('',*,*,#3030,.T.);
#3090 = ORIENTED_EDGE('',*,*,#2826,.T.);
#3091 = ORIENTED_EDGE('',*,*,#2803,.T.);
#3092 = ORIENTED_EDGE('',*,*,#3076,.F.);
#3093 = ORIENTED_EDGE('',*,*,#2437,.F.);
#3094 = PLANE('',#3095);
#3095 = AXIS2_PLACEMENT_3D('',#3096,#3097,#3098);
#3096 = CARTESIAN_POINT('',(-10.53105868745,-35.00299835205,
    1.845441442245));
#3097 = DIRECTION('',(0.,1.,0.));
#3098 = DIRECTION('',(0.,0.,1.));
#3099 = ADVANCED_FACE('',(#3100),#3111,.T.);
#3100 = FACE_BOUND('',#3101,.T.);
#3101 = EDGE_LOOP('',(#3102,#3103,#3104,#3110));
#3102 = ORIENTED_EDGE('',*,*,#2518,.T.);
#3103 = ORIENTED_EDGE('',*,*,#2909,.F.);
#3104 = ORIENTED_EDGE('',*,*,#3105,.F.);
#3105 = EDGE_CURVE('',#2842,#2902,#3106,.T.);
#3106 = LINE('',#3107,#3108);
#3107 = CARTESIAN_POINT('',(-18.25200080871,-35.00500106811,4.));
#3108 = VECTOR('',#3109,1.);
#3109 = DIRECTION('',(0.,0.,1.));
#3110 = ORIENTED_EDGE('',*,*,#2841,.F.);
#3111 = PLANE('',#3112);
#3112 = AXIS2_PLACEMENT_3D('',#3113,#3114,#3115);
#3113 = CARTESIAN_POINT('',(-18.25200080871,-32.50400066375,
    4.503000020981));
#3114 = DIRECTION('',(1.,0.,0.));
#3115 = DIRECTION('',(0.,0.,1.));
#3116 = ADVANCED_FACE('',(#3117),#3128,.T.);
#3117 = FACE_BOUND('',#3118,.F.);
#3118 = EDGE_LOOP('',(#3119,#3120,#3121));
#3119 = ORIENTED_EDGE('',*,*,#2654,.F.);
#3120 = ORIENTED_EDGE('',*,*,#2638,.T.);
#3121 = ORIENTED_EDGE('',*,*,#3122,.F.);
#3122 = EDGE_CURVE('',#2655,#2631,#3123,.T.);
#3123 = CIRCLE('',#3124,0.5);
#3124 = AXIS2_PLACEMENT_3D('',#3125,#3126,#3127);
#3125 = CARTESIAN_POINT('',(5.2,-52.50299835205,-3.6));
#3126 = DIRECTION('',(1.,0.,0.));
#3127 = DIRECTION('',(0.,-1.,0.));
#3128 = SPHERICAL_SURFACE('',#3129,0.5);
#3129 = AXIS2_PLACEMENT_3D('',#3130,#3131,#3132);
#3130 = CARTESIAN_POINT('',(5.2,-52.50299835205,-3.6));
#3131 = DIRECTION('',(-1.,0.,0.));
#3132 = DIRECTION('',(0.,-1.,0.));
#3133 = ADVANCED_FACE('',(#3134),#3140,.T.);
#3134 = FACE_BOUND('',#3135,.F.);
#3135 = EDGE_LOOP('',(#3136,#3137,#3138,#3139));
#3136 = ORIENTED_EDGE('',*,*,#2680,.T.);
#3137 = ORIENTED_EDGE('',*,*,#2699,.T.);
#3138 = ORIENTED_EDGE('',*,*,#3122,.T.);
#3139 = ORIENTED_EDGE('',*,*,#2715,.F.);
#3140 = CYLINDRICAL_SURFACE('',#3141,0.5);
#3141 = AXIS2_PLACEMENT_3D('',#3142,#3143,#3144);
#3142 = CARTESIAN_POINT('',(-9.5,-52.50299835205,-3.6));
#3143 = DIRECTION('',(1.,0.,0.));
#3144 = DIRECTION('',(0.,-2.2E-16,-1.));
#3145 = ADVANCED_FACE('',(#3146),#3152,.T.);
#3146 = FACE_BOUND('',#3147,.T.);
#3147 = EDGE_LOOP('',(#3148,#3149,#3150,#3151));
#3148 = ORIENTED_EDGE('',*,*,#2873,.F.);
#3149 = ORIENTED_EDGE('',*,*,#2849,.T.);
#3150 = ORIENTED_EDGE('',*,*,#3105,.T.);
#3151 = ORIENTED_EDGE('',*,*,#2901,.F.);
#3152 = PLANE('',#3153);
#3153 = AXIS2_PLACEMENT_3D('',#3154,#3155,#3156);
#3154 = CARTESIAN_POINT('',(-11.75000047683,-35.00500106811,
    4.503000020981));
#3155 = DIRECTION('',(0.,1.,0.));
#3156 = DIRECTION('',(0.,0.,1.));
#3157 = ADVANCED_FACE('',(#3158),#3165,.T.);
#3158 = FACE_BOUND('',#3159,.T.);
#3159 = EDGE_LOOP('',(#3160,#3161,#3162,#3163,#3164));
#3160 = ORIENTED_EDGE('',*,*,#2795,.F.);
#3161 = ORIENTED_EDGE('',*,*,#1048,.F.);
#3162 = ORIENTED_EDGE('',*,*,#2561,.T.);
#3163 = ORIENTED_EDGE('',*,*,#3054,.F.);
#3164 = ORIENTED_EDGE('',*,*,#3070,.F.);
#3165 = PLANE('',#3166);
#3166 = AXIS2_PLACEMENT_3D('',#3167,#3168,#3169);
#3167 = CARTESIAN_POINT('',(-4.874000072479,-31.75149917602,
    2.003000020981));
#3168 = DIRECTION('',(-0.,-0.,-1.));
#3169 = DIRECTION('',(-1.,0.,0.));
#3170 = ( GEOMETRIC_REPRESENTATION_CONTEXT(3) 
GLOBAL_UNCERTAINTY_ASSIGNED_CONTEXT((#3174)) 
GLOBAL_UNIT_ASSIGNED_CONTEXT((#3171,#3172,#3173)) REPRESENTATION_CONTEXT
('Context #1','3D Context with UNIT and UNCERTAINTY') );
#3171 = ( LENGTH_UNIT() NAMED_UNIT(*) SI_UNIT(.MILLI.,.METRE.) );
#3172 = ( NAMED_UNIT(*) PLANE_ANGLE_UNIT() SI_UNIT($,.RADIAN.) );
#3173 = ( NAMED_UNIT(*) SI_UNIT($,.STERADIAN.) SOLID_ANGLE_UNIT() );
#3174 = UNCERTAINTY_MEASURE_WITH_UNIT(LENGTH_MEASURE(2.E-06),#3171,
  'distance_accuracy_value','confusion accuracy');
#3175 = PRODUCT_RELATED_PRODUCT_CATEGORY('part',$,(#7));
#3176 = MECHANICAL_DESIGN_GEOMETRIC_PRESENTATION_REPRESENTATION('',(
    #3177),#3170);
#3177 = STYLED_ITEM('color',(#3178),#15);
#3178 = PRESENTATION_STYLE_ASSIGNMENT((#3179,#3185));
#3179 = SURFACE_STYLE_USAGE(.BOTH.,#3180);
#3180 = SURFACE_SIDE_STYLE('',(#3181));
#3181 = SURFACE_STYLE_FILL_AREA(#3182);
#3182 = FILL_AREA_STYLE('',(#3183));
#3183 = FILL_AREA_STYLE_COLOUR('',#3184);
#3184 = COLOUR_RGB('',0.678431390124,0.709803936702,0.741176476869);
#3185 = CURVE_STYLE('',#3186,POSITIVE_LENGTH_MEASURE(0.1),#3187);
#3186 = DRAUGHTING_PRE_DEFINED_CURVE_FONT('continuous');
#3187 = COLOUR_RGB('',9.803921802644E-02,9.803921802644E-02,
  9.803921802644E-02);
ENDSEC;
END-ISO-10303-21;
